,Actual,Predicted
7879,0,1
8026,1,1
26216,1,1
17002,1,1
20757,0,1
11456,1,1
19977,1,1
20524,1,1
24091,1,1
7085,1,1
25878,0,1
1376,1,1
24783,1,1
27660,1,1
14625,1,1
24876,1,1
21467,1,1
16435,1,1
25796,1,1
15652,0,1
27681,1,1
16158,1,1
18757,1,1
26088,1,1
6259,1,1
24136,1,1
9697,1,1
19288,1,1
28254,0,1
15376,1,1
20696,1,1
23835,1,1
18553,1,1
13363,1,1
20797,1,1
10346,1,1
20166,1,1
9515,1,1
13045,1,1
14662,1,1
18994,1,1
1812,1,1
17532,1,1
14854,1,1
14697,0,1
4975,1,1
1465,1,1
4132,0,1
2463,1,1
16708,1,1
21259,0,1
8163,1,1
23772,1,1
27713,1,1
10742,1,1
14457,1,1
17960,0,1
8997,1,1
18232,1,1
13284,0,1
13589,1,1
24924,1,1
28119,1,1
15076,1,1
16877,1,1
4257,0,1
27485,1,1
23993,1,1
56,0,1
13279,0,1
8898,1,1
20759,1,1
782,1,1
5903,1,1
12426,1,1
17254,0,1
8760,0,1
19860,1,1
23978,0,1
7446,1,1
24338,1,1
9244,1,1
22610,1,1
9632,0,1
14021,1,1
19118,0,1
22722,1,1
25304,1,1
25014,1,1
6111,1,1
7275,1,1
23710,1,1
18067,1,1
10952,1,1
19605,1,1
23177,1,1
9822,0,1
3215,0,1
24452,1,1
19505,1,1
27439,1,1
12841,1,1
21503,1,1
25887,1,1
1923,1,1
8901,1,1
11201,1,1
21418,1,1
6767,1,1
4940,1,1
9273,1,1
5435,1,1
28148,1,1
16028,1,1
7424,1,1
9357,1,1
26712,1,1
20133,1,1
7044,1,1
5102,1,1
5360,1,1
5367,1,1
4215,1,1
277,1,1
11829,1,1
2985,1,1
15148,1,1
1788,1,1
17565,1,1
15896,0,1
17392,0,1
12221,1,1
17210,1,1
21590,1,1
16969,1,1
11634,1,1
20940,1,1
19824,1,1
4207,1,1
9738,0,1
15073,1,1
8821,1,1
6348,1,1
7238,1,1
26955,1,1
22263,1,1
13219,0,1
1885,1,1
16186,1,1
21675,1,1
7691,1,1
18462,0,1
26674,0,1
24456,1,1
28034,1,1
1357,1,1
20973,1,1
7347,1,1
6880,1,1
3850,0,1
4120,1,1
12659,1,1
14474,0,1
15754,1,1
1122,1,1
19892,1,1
26852,1,1
6918,1,1
27786,1,1
19506,1,1
20627,1,1
5799,1,1
19711,0,1
15365,1,1
7378,1,1
16391,1,1
10621,1,1
10033,0,1
1397,1,1
13869,1,1
13854,1,1
20224,1,1
7437,1,1
11350,1,1
2627,1,1
15742,1,1
1187,1,1
15400,1,1
17774,1,1
12269,1,1
3857,1,1
18152,1,1
14452,1,1
11486,1,1
4882,1,1
17137,1,1
17132,1,1
25919,0,1
1355,1,1
8515,1,1
5872,1,1
4144,0,1
12171,0,1
14485,1,1
19279,1,1
2425,0,1
24228,1,1
28250,1,1
22598,1,1
25767,1,1
5399,1,1
13617,1,1
23321,1,1
20452,1,1
25036,1,1
21584,1,1
2955,1,1
21591,0,1
13564,0,1
7602,1,1
10452,1,1
8863,1,1
27208,1,1
4999,1,1
2181,0,1
1659,1,1
3021,1,1
6187,1,1
11998,0,1
5126,1,1
26193,1,1
23359,1,1
11820,0,1
27498,1,1
14141,0,1
4346,1,1
18608,1,1
23880,1,1
8290,1,1
15901,1,1
23255,1,1
21,1,1
17938,1,1
22155,1,1
25873,1,1
11651,1,1
18220,1,1
15950,1,1
26124,1,1
14048,0,1
9647,1,1
6908,1,1
12143,1,1
17286,1,1
9547,1,1
6208,1,1
13014,1,1
19496,1,1
7466,1,1
1938,0,1
18504,1,1
22064,1,1
4471,1,1
16491,0,1
9263,1,1
14434,1,1
20742,1,1
14136,1,1
8783,1,1
6431,1,1
11844,1,1
17761,1,1
7449,1,1
11906,1,1
26383,0,1
17628,1,1
16115,0,1
16218,0,1
11163,1,1
15769,1,1
10645,0,1
22395,1,1
2485,0,1
15055,1,1
7196,1,1
15673,1,1
8731,0,1
8052,1,1
16267,1,1
17926,1,1
1366,1,1
16406,1,1
24856,0,1
11441,1,1
2094,1,1
20335,1,1
16636,1,1
23475,1,1
16097,1,1
27119,1,1
3377,1,1
1413,1,1
850,1,1
18486,1,1
1173,1,1
24700,1,1
11049,1,1
7373,1,1
22362,1,1
5570,0,1
22363,1,1
7070,1,1
16549,1,1
24027,1,1
27834,1,1
11798,1,1
9169,1,1
370,1,1
27840,1,1
15703,0,1
4624,1,1
5164,1,1
16536,0,1
138,1,1
1486,1,1
12236,1,1
25049,1,1
14160,1,1
10893,0,1
7659,1,1
11182,1,1
4263,1,1
22807,1,1
4252,1,1
16750,1,1
13866,1,1
19879,1,1
20893,1,1
3874,0,1
9913,1,1
26087,1,1
11172,1,1
26847,1,1
17577,1,1
19574,1,1
8544,1,1
27520,1,1
6326,1,1
14997,1,1
12073,1,1
21974,0,1
7067,1,1
4328,1,1
7825,1,1
22727,1,1
4352,0,1
7622,1,1
17760,1,1
6352,1,1
15520,1,1
18646,1,1
6509,1,1
12768,1,1
24938,1,1
20830,1,1
1858,1,1
12586,1,1
4589,1,1
15457,1,1
4451,1,1
21876,1,1
18226,1,1
13214,1,1
21471,1,1
12639,1,1
21597,1,1
12878,1,1
8201,1,1
23320,1,1
22160,1,1
4842,1,1
15295,1,1
9994,1,1
21124,0,1
12447,1,1
26656,1,1
983,1,1
7186,0,1
7814,1,1
12293,1,1
1396,1,1
25738,1,1
27098,1,1
20769,1,1
22101,1,1
20963,1,1
1863,1,1
11349,1,1
17004,1,1
5190,1,1
8564,0,1
2008,1,1
27356,1,1
28207,1,1
16452,1,1
19819,1,1
13410,1,1
19440,1,1
13920,1,1
18795,1,1
21475,1,1
26185,1,1
9089,1,1
16945,1,1
39,1,1
18600,1,1
19740,1,1
3588,1,1
13458,1,1
7200,1,1
17537,1,1
14536,1,1
795,1,1
13037,1,1
3357,1,1
25645,0,1
502,1,1
827,1,1
6503,0,1
342,1,1
16888,1,1
11440,0,1
25059,1,1
656,1,1
12008,1,1
20488,1,1
24612,1,1
10146,1,1
28174,1,1
27841,1,1
23450,1,1
23866,1,1
3521,1,1
6029,1,1
26431,0,1
24713,1,1
19810,1,1
24341,1,1
9714,1,1
6735,1,1
10499,1,1
15617,1,1
11585,1,1
11571,0,1
18791,0,1
23012,1,1
17835,1,1
3508,1,1
21970,1,1
5763,1,1
12457,1,1
9909,1,1
15947,1,1
8844,1,1
21835,1,1
11026,1,1
13570,1,1
2821,1,1
15570,0,1
3170,1,1
24879,1,1
19597,1,1
2587,1,1
11806,1,1
23940,1,1
19752,1,1
5317,1,1
13412,1,1
15204,1,1
3831,1,1
4410,0,1
28092,1,1
13332,1,1
2439,0,1
12234,1,1
27594,1,1
4759,1,1
16385,1,1
9234,1,1
13275,0,1
4343,1,1
3546,1,1
8272,1,1
16628,1,1
20539,1,1
7318,1,1
18932,1,1
11993,1,1
17653,1,1
13489,1,1
13626,1,1
14355,1,1
2069,1,1
22090,0,1
214,1,1
5032,1,1
12184,1,1
16932,1,1
15695,1,1
21197,0,1
24746,1,1
2579,1,1
19070,1,1
27299,1,1
4760,1,1
13062,1,1
17511,1,1
14671,1,1
11412,1,1
3889,1,1
21476,1,1
26985,0,1
14752,1,1
24132,1,1
4366,1,1
2474,0,1
15348,1,1
10981,1,1
21520,1,1
5192,1,1
24956,1,1
10305,1,1
24218,1,1
16956,1,1
8601,1,1
20518,0,1
25758,0,1
24487,1,1
21258,1,1
5093,1,1
10141,1,1
7591,0,1
97,1,1
8612,1,1
4591,0,1
21149,1,1
10153,0,1
21431,1,1
19478,1,1
4997,1,1
663,1,1
11124,0,1
7669,1,1
2694,1,1
1411,1,1
19109,1,1
11738,1,1
11873,1,1
22015,1,1
6555,0,1
20789,1,1
19732,1,1
16632,1,1
13753,1,1
19681,1,1
10734,1,1
14047,0,1
18652,1,1
22783,0,1
2422,1,1
6869,1,1
19985,1,1
8432,1,1
4937,1,1
26970,1,1
21089,1,1
14082,1,1
27504,1,1
11803,1,1
14234,0,1
7340,1,1
22111,1,1
4390,1,1
10463,1,1
13944,1,1
11188,1,1
24212,1,1
25877,1,1
21761,1,1
22358,1,1
13897,1,1
9257,1,1
17175,1,1
16019,1,1
19072,1,1
23270,1,1
4221,1,1
3227,0,1
19857,0,1
24232,1,1
2578,1,1
11668,1,1
22177,1,1
20092,1,1
3739,1,1
4110,1,1
14548,1,1
14930,1,1
6435,0,1
10093,0,1
7494,1,1
11,1,1
8972,1,1
27105,1,1
5969,1,1
20536,1,1
24326,1,1
5933,1,1
18587,1,1
16694,1,1
1836,1,1
18762,1,1
5425,1,1
8609,1,1
26746,1,1
12824,0,1
10086,1,1
3222,1,1
18993,1,1
19556,1,1
24981,1,1
13512,1,1
24101,1,1
13325,1,1
3268,1,1
1348,1,1
6611,1,1
6906,1,1
24873,1,1
9791,1,1
18196,1,1
22118,1,1
4654,1,1
5165,1,1
5950,1,1
5705,1,1
27947,0,1
21830,1,1
18224,1,1
25664,1,1
18664,1,1
23929,1,1
12515,1,1
10520,1,1
16683,1,1
12247,1,1
1681,1,1
11559,1,1
13429,1,1
28294,1,1
25895,1,1
540,0,1
18721,1,1
1229,0,1
411,1,1
6205,1,1
13803,1,1
8110,1,1
18956,1,1
25430,1,1
25431,1,1
5893,1,1
2097,1,1
16265,1,1
16541,1,1
13023,1,1
9736,1,1
27738,0,1
17525,1,1
12429,1,1
21430,1,1
8145,1,1
16512,1,1
20184,1,1
6174,0,1
20031,0,1
24328,1,1
27424,1,1
16475,1,1
9008,1,1
2808,1,1
2498,1,1
18096,1,1
549,1,1
27945,1,1
14243,1,1
5118,1,1
27082,0,1
14794,1,1
22239,1,1
15822,0,1
26136,1,1
21887,1,1
858,0,1
14364,1,1
25949,1,1
5507,1,1
9149,1,1
944,1,1
19536,1,1
5574,1,1
16712,1,1
21387,1,1
27363,0,1
5070,1,1
8956,1,1
13033,1,1
13002,1,1
11222,0,1
4008,1,1
10509,1,1
15982,1,1
28307,1,1
544,1,1
6036,1,1
7781,1,1
21982,1,1
23386,1,1
8322,0,1
4228,1,1
21423,1,1
3511,1,1
12736,1,1
13544,1,1
26320,1,1
28021,1,1
28012,1,1
19430,1,1
14435,1,1
27924,1,1
18113,1,1
5643,1,1
4301,1,1
4272,0,1
3008,1,1
3307,1,1
8437,1,1
17564,1,1
2802,1,1
3923,1,1
2060,0,1
4596,1,1
928,1,1
23995,1,1
18650,1,1
27427,1,1
10012,1,1
21687,1,1
23261,1,1
1459,0,1
5288,1,1
688,1,1
10672,1,1
13904,1,1
4253,1,1
22192,1,1
2548,1,1
4188,1,1
5224,1,1
5780,1,1
13833,0,1
13488,1,1
22453,1,1
28054,0,1
27828,1,1
26913,1,1
15293,1,1
23109,1,1
14416,0,1
6238,1,1
28278,1,1
13720,1,1
15087,1,1
1301,1,1
18631,1,1
14382,1,1
14760,1,1
17213,1,1
16971,1,1
6718,1,1
13736,1,1
11069,1,1
26582,1,1
15736,1,1
20587,1,1
13122,1,1
22136,1,1
7079,1,1
27904,1,1
14340,1,1
7396,1,1
5413,1,1
2917,1,1
7433,0,1
10274,1,1
24679,1,1
1305,0,1
4114,1,1
26313,1,1
5907,1,1
10403,1,1
2930,1,1
15276,1,1
18971,1,1
19525,1,1
23058,1,1
14966,1,1
12663,1,1
7048,1,1
964,1,1
15867,0,1
20394,1,1
10008,1,1
15470,1,1
14336,1,1
5036,1,1
22525,1,1
24722,1,1
20659,1,1
25494,1,1
9936,1,1
27635,1,1
25243,1,1
2859,1,1
6748,1,1
26794,0,1
14787,1,1
1311,1,1
26404,1,1
18602,0,1
5595,0,1
16547,0,1
24385,1,1
21236,0,1
10503,1,1
21284,1,1
20901,1,1
10421,1,1
20805,0,1
22001,0,1
6878,0,1
24712,1,1
15800,1,1
19615,1,1
18306,1,1
18053,1,1
15928,0,1
11434,1,1
27775,1,1
17204,1,1
16897,1,1
12571,1,1
13211,1,1
8162,1,1
21202,1,1
26155,1,1
16187,1,1
25926,1,1
10308,1,1
21263,1,1
23389,0,1
16994,1,1
20867,1,1
20914,1,1
5583,1,1
106,1,1
11715,1,1
19562,1,1
10416,0,1
7940,1,1
23789,1,1
6330,1,1
24661,1,1
16934,1,1
16260,1,1
20446,1,1
28239,1,1
14293,1,1
1724,1,1
412,0,1
6601,1,1
19462,1,1
24687,1,1
25690,1,1
12579,1,1
25579,1,1
7056,1,1
14621,1,1
26763,1,1
20507,1,1
1689,1,1
19982,1,1
26496,0,1
2482,1,1
7731,1,1
20360,1,1
1985,1,1
24929,0,1
27177,1,1
10980,1,1
8696,1,1
3167,0,1
18884,0,1
143,1,1
13044,0,1
14588,1,1
6554,1,1
13578,1,1
21191,1,1
15371,1,1
724,0,1
11799,1,1
9441,1,1
9819,1,1
14253,1,1
6066,0,1
19417,1,1
1246,1,1
2777,0,1
11891,1,1
10484,1,1
17037,1,1
4059,1,1
22125,1,1
13142,1,1
12973,1,1
6571,1,1
27495,1,1
26036,1,1
6546,1,1
9345,0,1
1312,1,1
17822,1,1
14599,1,1
19567,1,1
6157,1,1
14608,1,1
6257,1,1
12953,0,1
24525,1,1
12289,1,1
26284,0,1
11013,1,1
12273,0,1
19318,1,1
18610,1,1
23560,1,1
2348,1,1
7328,1,1
26152,1,1
11565,1,1
26430,1,1
22062,0,1
7453,1,1
16129,1,1
14899,1,1
8874,1,1
22612,1,1
24190,1,1
12421,1,1
24345,0,1
4125,1,1
27389,1,1
946,1,1
2022,1,1
7365,1,1
8348,1,1
2201,1,1
8977,1,1
19160,1,1
5260,1,1
19178,1,1
26030,0,1
19513,1,1
3318,1,1
25797,1,1
14732,0,1
2446,1,1
27318,1,1
3194,1,1
2486,0,1
24980,1,1
22108,0,1
23797,1,1
17016,1,1
16566,0,1
21693,1,1
27112,1,1
21053,1,1
3752,1,1
22931,1,1
2854,1,1
20925,1,1
15440,1,1
13386,0,1
17259,1,1
25331,1,1
16943,1,1
14130,1,1
5115,1,1
5129,1,1
17074,1,1
25783,0,1
11259,1,1
12851,0,1
11837,1,1
13474,1,1
20833,1,1
12309,1,1
4403,1,1
1538,1,1
19686,1,1
36,1,1
6298,1,1
22720,0,1
26819,1,1
7157,1,1
3179,1,1
24290,1,1
19485,1,1
7524,0,1
21707,1,1
27916,0,1
5479,1,1
4685,1,1
11186,1,1
20090,0,1
541,1,1
11351,1,1
12342,1,1
17247,1,1
13432,1,1
4378,1,1
23388,0,1
471,1,1
10608,1,1
18218,0,1
21412,1,1
22169,1,1
3354,1,1
15807,1,1
7776,1,1
3675,1,1
2225,0,1
14063,1,1
15446,1,1
10318,1,1
24757,1,1
17368,0,1
1266,1,1
21367,1,1
27458,1,1
13631,1,1
10051,1,1
27386,1,1
15895,1,1
16256,1,1
1767,1,1
19102,1,1
22850,1,1
9628,1,1
17160,1,1
14774,1,1
2746,1,1
1771,1,1
1234,1,1
27884,1,1
21959,1,1
25896,0,1
4216,1,1
23020,1,1
7571,1,1
1733,1,1
10941,1,1
26873,1,1
17264,1,1
25366,1,1
10657,0,1
19942,1,1
6391,1,1
70,1,1
1542,1,1
2285,1,1
9326,1,1
3600,1,1
15964,1,1
23410,1,1
27953,1,1
15732,1,1
1176,1,1
24513,1,1
24975,1,1
7613,1,1
14275,1,1
27870,1,1
25722,1,1
13910,1,1
4067,1,1
11091,1,1
11707,0,1
74,1,1
5080,0,1
19142,1,1
20240,1,1
15758,1,1
19518,1,1
10891,1,1
11789,0,1
26461,1,1
4534,1,1
13193,1,1
23883,1,1
10624,1,1
22849,1,1
23361,1,1
15469,1,1
26010,0,1
16113,1,1
13110,1,1
11063,1,1
25714,1,1
19403,1,1
16072,1,1
8425,1,1
21749,1,1
17987,1,1
12869,1,1
27589,1,1
13048,1,1
1239,1,1
17592,1,1
26889,0,1
3708,1,1
1258,1,1
17528,1,1
19684,1,1
13974,1,1
524,1,1
22168,1,1
22816,1,1
13071,1,1
5882,1,1
11679,1,1
18136,1,1
1431,1,1
28257,1,1
4306,1,1
27193,1,1
20199,1,1
23636,1,1
25576,0,1
913,1,1
17866,1,1
25174,1,1
14560,1,1
1926,1,1
20046,1,1
847,1,1
18392,1,1
22347,1,1
26149,1,1
1342,1,1
11698,1,1
593,1,1
23018,1,1
11908,0,1
5698,1,1
8409,1,1
18391,1,1
17729,0,1
12492,1,1
23662,1,1
4227,1,1
19634,1,1
24105,1,1
26112,1,1
2012,1,1
675,0,1
2929,1,1
15820,1,1
8742,1,1
10920,0,1
19254,1,1
14859,1,1
12881,1,1
23039,1,1
9400,1,1
18544,1,1
22371,0,1
5760,1,1
1644,1,1
12174,1,1
22928,1,1
15017,1,1
11909,1,1
11170,1,1
16453,1,1
1214,1,1
10911,1,1
12935,1,1
8142,1,1
4137,1,1
5527,1,1
23146,1,1
8066,1,1
4707,1,1
7460,1,1
2935,1,1
6419,1,1
12307,1,1
27227,1,1
19521,0,1
26771,1,1
24946,0,1
1626,1,1
1109,1,1
10475,1,1
5148,1,1
21415,1,1
6967,1,1
14064,1,1
26646,1,1
2573,1,1
10489,1,1
21220,1,1
12596,0,1
12231,1,1
1948,1,1
15803,1,1
16598,1,1
8724,1,1
15843,1,1
11733,1,1
7088,1,1
23476,1,1
20752,1,1
14351,0,1
7467,1,1
23001,1,1
879,1,1
27659,1,1
19763,1,1
10241,1,1
3283,1,1
23768,1,1
24474,1,1
3214,1,1
8884,0,1
21498,1,1
1012,1,1
3888,1,1
19214,1,1
23639,1,1
19032,1,1
14161,1,1
26536,1,1
3277,1,1
24306,1,1
20843,1,1
4737,0,1
12607,0,1
25681,1,1
19141,1,1
20004,1,1
28269,1,1
15169,1,1
21969,1,1
2779,1,1
21706,1,1
6981,1,1
19277,1,1
6008,1,1
10199,1,1
21787,1,1
5184,1,1
4906,1,1
7175,1,1
7851,0,1
25766,0,1
19753,1,1
18743,1,1
4539,1,1
15563,1,1
11783,1,1
12065,1,1
14725,1,1
9505,0,1
3251,1,1
8452,1,1
15168,1,1
8239,1,1
21296,1,1
11164,0,1
18032,1,1
1218,1,1
18505,1,1
21983,1,1
13954,1,1
26980,1,1
6276,1,1
1322,1,1
26164,0,1
20211,1,1
26096,1,1
8563,1,1
18294,0,1
22318,1,1
9422,1,1
4922,1,1
573,1,1
5741,1,1
17102,1,1
22698,1,1
6488,1,1
14215,1,1
21926,1,1
18308,0,1
26827,1,1
23886,1,1
18673,1,1
8200,0,1
12331,1,1
7030,1,1
5956,1,1
15442,1,1
22732,1,1
8297,1,1
19357,1,1
19228,1,1
13296,1,1
24578,1,1
15962,1,1
10056,1,1
1131,1,1
22223,1,1
15988,1,1
3760,0,1
21947,1,1
1264,1,1
6172,1,1
14928,1,1
7846,1,1
3847,1,1
18595,1,1
16321,0,1
780,1,1
27993,1,1
18782,1,1
5640,1,1
23133,1,1
17616,1,1
13754,1,1
8852,1,1
25267,1,1
3297,1,1
25238,1,1
22413,1,1
7018,1,1
14421,1,1
6712,1,1
19184,0,1
7533,1,1
20352,1,1
14263,1,1
19049,1,1
18784,1,1
48,0,1
7813,1,1
9569,1,1
7370,0,1
10306,1,1
11910,1,1
24471,1,1
2366,1,1
25432,1,1
21758,1,1
3304,1,1
20572,1,1
3156,0,1
10681,1,1
16478,1,1
5384,1,1
15588,0,1
22667,1,1
6295,1,1
11846,1,1
3950,1,1
6339,1,1
19218,1,1
5911,1,1
10436,1,1
9003,1,1
25728,1,1
17220,1,1
11292,1,1
9417,1,1
8097,1,1
24512,0,1
5686,1,1
18977,1,1
20412,0,1
2193,1,1
12608,1,1
8048,1,1
26205,1,1
28117,1,1
719,1,1
14223,1,1
5771,0,1
15629,1,1
17762,1,1
5337,1,1
2144,1,1
24145,1,1
13353,1,1
18239,1,1
2180,1,1
1935,1,1
26616,1,1
16219,1,1
6289,1,1
4505,1,1
263,1,1
7265,1,1
22858,1,1
27642,1,1
23706,1,1
15915,1,1
18187,1,1
8603,1,1
27170,1,1
12402,1,1
22149,0,1
19406,1,1
6266,1,1
4189,1,1
24996,1,1
4646,1,1
7220,1,1
12004,1,1
10988,1,1
20059,1,1
12587,1,1
2995,1,1
22382,1,1
20010,1,1
20726,0,1
10053,1,1
18394,1,1
9262,1,1
2960,0,1
23553,1,1
16090,0,1
1515,1,1
22135,0,1
1088,1,1
18641,1,1
20167,1,1
18005,0,1
3161,1,1
21540,1,1
2833,0,1
11646,1,1
1721,1,1
2786,1,1
23349,1,1
24214,0,1
15646,1,1
11629,1,1
15239,1,1
13013,1,1
26382,1,1
12463,1,1
21293,1,1
1267,1,1
2898,0,1
2239,1,1
2775,0,1
2574,1,1
18542,0,1
6430,1,1
15785,1,1
14353,1,1
23853,1,1
9388,0,1
16981,1,1
10966,0,1
23293,1,1
17630,1,1
2800,1,1
6090,1,1
25116,1,1
3644,1,1
6661,0,1
4011,1,1
14695,1,1
28347,1,1
3753,1,1
3040,1,1
11714,1,1
8274,1,1
13008,0,1
20194,1,1
488,1,1
4526,1,1
1194,1,1
21690,1,1
22026,1,1
26233,0,1
13224,1,1
10551,1,1
11590,1,1
7677,1,1
3865,1,1
16017,1,1
19004,0,1
22275,1,1
19908,1,1
15263,1,1
25428,0,1
9277,1,1
26604,1,1
22305,0,1
20954,0,1
21071,1,1
17465,0,1
15152,1,1
4123,1,1
13499,1,1
16617,1,1
19701,1,1
18943,1,1
17082,1,1
17612,1,1
9166,1,1
6464,1,1
9949,1,1
8257,0,1
5346,0,1
4324,1,1
3093,1,1
14319,1,1
18216,1,1
27682,1,1
7402,1,1
13402,1,1
26986,1,1
12260,1,1
2836,0,1
21804,0,1
19616,1,1
7847,1,1
14221,1,1
26554,1,1
17129,1,1
23559,1,1
28013,1,1
23305,1,1
14603,1,1
1601,0,1
3494,1,1
2916,0,1
8229,1,1
19229,1,1
10297,1,1
14835,1,1
20613,0,1
216,1,1
6294,1,1
381,1,1
15432,1,1
10787,1,1
14138,1,1
10604,1,1
22773,1,1
7522,1,1
10372,0,1
12619,1,1
18435,1,1
8144,1,1
26451,1,1
11265,1,1
19588,1,1
20586,1,1
14999,1,1
4581,1,1
15094,1,1
14911,1,1
10221,0,1
4805,1,1
19249,1,1
1877,0,1
13192,1,1
11193,1,1
17512,1,1
21305,1,1
27863,1,1
28303,1,1
4988,1,1
25477,1,1
21768,1,1
9066,1,1
1630,1,1
21274,0,1
19561,1,1
4753,1,1
17052,1,1
15010,1,1
5999,1,1
20028,1,1
20161,1,1
2593,1,1
13615,1,1
15217,1,1
20798,1,1
16101,1,1
17909,1,1
18789,1,1
24581,1,1
13350,1,1
8106,1,1
15359,1,1
17979,0,1
22185,0,1
4167,1,1
17365,1,1
23839,1,1
23347,1,1
15182,1,1
9225,1,1
23521,1,1
23842,1,1
17551,1,1
23655,1,1
23205,1,1
3627,1,1
17267,1,1
651,1,1
18154,1,1
24683,1,1
17754,1,1
16368,1,1
1430,1,1
24475,1,1
20751,1,1
25292,1,1
19421,0,1
25452,1,1
9886,1,1
28033,1,1
21788,0,1
16328,1,1
3042,1,1
12279,1,1
4085,1,1
10327,1,1
16668,1,1
13121,1,1
24372,0,1
10972,1,1
18317,1,1
26592,1,1
2584,1,1
8621,1,1
23616,1,1
22604,1,1
12528,1,1
13408,0,1
17205,1,1
21839,1,1
20786,0,1
7462,1,1
17335,1,1
27751,1,1
19642,1,1
711,1,1
17918,1,1
1534,1,1
12554,1,1
10723,1,1
23746,1,1
12207,1,1
26072,1,1
15571,1,1
28331,1,1
10693,1,1
4823,1,1
26018,0,1
2152,0,1
18302,1,1
26475,1,1
10507,1,1
26515,1,1
2368,1,1
6367,1,1
3601,1,1
24550,1,1
3883,1,1
21139,1,1
1147,1,1
18883,0,1
8930,1,1
21547,1,1
15012,1,1
4618,1,1
7114,1,1
2364,1,1
20756,1,1
22702,1,1
10577,1,1
667,1,1
13345,1,1
8953,1,1
25155,1,1
9685,1,1
17072,1,1
17950,0,1
18325,1,1
16119,1,1
5786,1,1
13327,1,1
24510,1,1
12595,1,1
15005,0,1
25313,1,1
26113,1,1
5380,1,1
22726,1,1
7410,0,1
25236,1,1
1907,1,1
5996,1,1
18251,1,1
20916,1,1
24476,0,1
19122,1,1
508,1,1
2650,1,1
14502,1,1
12384,1,1
4633,1,1
16043,1,1
22639,1,1
1872,1,1
9138,1,1
4385,1,1
19285,1,1
15120,1,1
4672,1,1
25604,1,1
11991,1,1
16427,1,1
22053,1,1
10819,1,1
11988,1,1
22439,1,1
14598,1,1
7055,1,1
3628,1,1
24693,1,1
26635,1,1
23519,1,1
11810,1,1
2154,1,1
23183,1,1
17388,1,1
22794,1,1
13581,1,1
12226,1,1
25742,0,1
27822,1,1
18491,1,1
26417,1,1
12698,1,1
15450,1,1
15941,0,1
21932,1,1
2807,0,1
15699,1,1
17704,1,1
12470,1,1
9420,0,1
8682,1,1
13985,1,1
18836,0,1
19128,1,1
2999,1,1
24703,1,1
20062,1,1
4202,1,1
547,1,1
23932,1,1
22739,1,1
18424,0,1
4070,1,1
16308,0,1
21508,1,1
23694,1,1
22606,1,1
14542,1,1
16692,1,1
5936,1,1
12044,1,1
18685,1,1
24491,1,1
10247,1,1
21722,0,1
11055,0,1
24871,0,1
1044,1,1
6631,1,1
17424,1,1
2872,0,1
2866,1,1
15513,1,1
24393,1,1
11602,1,1
18588,1,1
19623,1,1
17955,1,1
12885,0,1
2104,1,1
9828,1,1
13979,0,1
21177,1,1
1178,1,1
20728,1,1
9596,1,1
11258,1,1
777,1,1
19731,1,1
16299,1,1
20042,1,1
15104,0,1
26129,0,1
7072,1,1
8255,1,1
9309,1,1
8378,1,1
21239,1,1
27325,1,1
23399,1,1
10676,1,1
21014,0,1
20050,1,1
749,1,1
18244,0,1
9816,1,1
27931,1,1
2538,0,1
15385,1,1
20684,1,1
16552,1,1
13136,1,1
1317,1,1
14691,1,1
1162,0,1
631,1,1
17352,1,1
11864,1,1
2054,1,1
13889,0,1
7290,1,1
423,1,1
18662,1,1
11268,1,1
14009,0,1
10073,1,1
18699,1,1
21130,1,1
11670,1,1
7747,1,1
5614,1,1
26690,1,1
14654,1,1
9987,1,1
8262,1,1
9633,1,1
12167,1,1
11326,1,1
9699,0,1
2795,1,1
20650,1,1
10029,1,1
16038,1,1
24637,0,1
176,1,1
2403,1,1
11153,1,1
521,1,1
6622,1,1
9894,1,1
741,1,1
18024,1,1
1444,0,1
17206,1,1
273,1,1
24147,1,1
945,1,1
3089,1,1
20311,1,1
17249,1,1
17192,1,1
23094,1,1
16424,1,1
26008,1,1
19755,1,1
6080,1,1
16388,1,1
9630,1,1
20209,0,1
24266,1,1
1001,1,1
9971,1,1
10532,1,1
13210,1,1
4012,1,1
8127,1,1
10913,1,1
27581,1,1
27768,1,1
14491,1,1
9038,0,1
26282,1,1
22276,1,1
2948,1,1
21473,0,1
14516,1,1
1861,1,1
15134,1,1
5736,1,1
117,1,1
1111,0,1
4755,1,1
16974,1,1
13969,1,1
19565,1,1
26011,1,1
3436,1,1
4486,1,1
27612,1,1
28080,1,1
4686,0,1
13362,1,1
11752,1,1
8827,1,1
27341,1,1
8190,0,1
9181,1,1
13468,1,1
27900,0,1
3353,1,1
20333,0,1
26790,1,1
1143,1,1
2910,1,1
28109,1,1
10814,0,1
23634,1,1
7356,1,1
5081,1,1
7084,1,1
4387,1,1
9379,1,1
11432,0,1
21285,1,1
5612,1,1
15369,0,1
12677,1,1
1489,0,1
24692,1,1
23982,1,1
19376,1,1
14753,1,1
9072,1,1
17390,1,1
10044,1,1
25655,1,1
21777,0,1
7718,1,1
7764,1,1
5484,1,1
27784,0,1
2601,1,1
5124,1,1
26879,1,1
14865,1,1
15918,1,1
9887,1,1
22600,1,1
1254,1,1
26047,1,1
18787,1,1
23441,1,1
8416,1,1
24913,1,1
8152,1,1
13699,1,1
10960,1,1
13183,1,1
4477,1,1
22686,1,1
11411,1,1
3155,1,1
12056,0,1
14049,1,1
19847,1,1
21459,1,1
389,1,1
2711,0,1
22674,0,1
1135,1,1
22112,1,1
13302,1,1
2393,1,1
10820,1,1
7599,1,1
27123,1,1
7557,1,1
5974,1,1
222,1,1
18068,0,1
26452,1,1
223,1,1
7860,0,1
24412,1,1
7295,1,1
21213,1,1
12215,1,1
6667,1,1
11086,1,1
12093,1,1
16079,1,1
27096,1,1
444,1,1
294,1,1
12058,1,1
16711,1,1
22368,1,1
26610,1,1
24133,1,1
24579,1,1
1460,1,1
1165,1,1
14201,1,1
12920,1,1
23974,1,1
17700,1,1
22241,1,1
15745,1,1
14354,1,1
399,1,1
5674,1,1
16575,0,1
12083,1,1
19052,1,1
26378,1,1
2421,1,1
162,0,1
13058,0,1
17781,1,1
12478,1,1
6251,1,1
21465,0,1
14545,0,1
12746,1,1
17054,1,1
18478,0,1
992,1,1
27324,1,1
3184,1,1
5962,1,1
1169,0,1
5397,0,1
25111,0,1
3779,1,1
24695,1,1
9597,1,1
2045,1,1
26441,1,1
24141,1,1
965,1,1
10138,1,1
11318,1,1
9667,1,1
27888,1,1
25117,1,1
3107,1,1
7485,1,1
3518,1,1
17143,1,1
24052,1,1
11197,1,1
11505,1,1
5881,0,1
22070,1,1
24789,1,1
24235,1,1
17869,1,1
4557,1,1
17294,1,1
19202,1,1
27404,1,1
18972,1,1
26695,1,1
12298,0,1
1072,0,1
28198,1,1
3526,1,1
2534,1,1
3916,1,1
11274,0,1
21165,1,1
11276,1,1
5719,1,1
8355,1,1
16277,1,1
21717,1,1
2160,1,1
25847,1,1
3124,1,1
7374,1,1
1297,0,1
5508,0,1
16455,1,1
22055,1,1
25859,1,1
11202,1,1
9228,1,1
2265,1,1
10467,1,1
23196,1,1
24297,1,1
12687,1,1
24186,1,1
8231,0,1
6945,1,1
26023,0,1
25954,1,1
26624,1,1
12400,1,1
7009,0,1
18141,1,1
1562,1,1
153,1,1
5523,1,1
22105,1,1
8324,1,1
4327,1,1
18304,1,1
882,1,1
12482,1,1
13717,1,1
15757,1,1
27658,1,1
23485,1,1
24223,1,1
6127,1,1
867,1,1
5491,1,1
14770,1,1
13758,1,1
27992,1,1
3308,1,1
28020,1,1
3048,1,1
26443,1,1
4663,1,1
19715,1,1
9448,1,1
5015,1,1
5318,1,1
6188,1,1
25077,1,1
18263,1,1
18212,1,1
26198,1,1
21885,1,1
12100,1,1
16840,1,1
11885,1,1
9358,1,1
21005,1,1
280,0,1
24000,1,1
26686,1,1
9755,1,1
18722,1,1
18752,1,1
728,1,1
27714,1,1
24548,1,1
1544,1,1
8265,1,1
16336,1,1
15634,1,1
18814,1,1
16759,0,1
11624,1,1
14915,1,1
2816,1,1
26514,1,1
710,1,1
18735,1,1
16389,1,1
1300,1,1
18326,0,1
25703,1,1
8481,1,1
23990,1,1
25539,1,1
12388,1,1
23700,1,1
16555,1,1
17549,1,1
4829,1,1
22571,1,1
11126,1,1
26145,1,1
9875,1,1
15498,1,1
27192,1,1
9950,1,1
8520,1,1
9884,1,1
25857,1,1
26465,1,1
3448,1,1
11920,1,1
4232,1,1
4439,1,1
14618,1,1
1994,1,1
3398,1,1
21364,1,1
4528,1,1
7058,1,1
3064,1,1
28177,1,1
939,1,1
4800,1,1
25198,0,1
23496,1,1
9979,0,1
6486,0,1
13482,1,1
27765,1,1
23248,0,1
6668,1,1
4055,1,1
7663,1,1
27185,1,1
5718,1,1
18073,1,1
3972,1,1
18913,1,1
20694,0,1
1815,1,1
19909,0,1
15211,1,1
1373,1,1
14605,1,1
22269,1,1
4386,0,1
16643,0,1
18706,1,1
19326,1,1
3852,1,1
24118,1,1
3084,1,1
14550,1,1
20215,1,1
13400,1,1
13558,1,1
7506,1,1
12867,1,1
26209,1,1
19248,1,1
27186,1,1
1419,1,1
14330,1,1
21190,1,1
16681,0,1
3027,1,1
7285,0,1
3209,1,1
19653,1,1
24982,1,1
28105,1,1
21118,0,1
3381,1,1
17933,1,1
17151,0,1
18501,1,1
17207,1,1
9213,1,1
212,1,1
21715,1,1
16279,1,1
7542,1,1
14534,1,1
4571,1,1
5590,1,1
13117,1,1
1409,1,1
1984,1,1
12873,1,1
21443,1,1
27262,1,1
23678,1,1
18592,1,1
26343,0,1
1904,1,1
8556,1,1
19223,0,1
16968,1,1
14525,1,1
20374,1,1
7850,1,1
27406,1,1
10598,0,1
2117,1,1
28018,0,1
27091,1,1
9320,1,1
23103,1,1
3396,1,1
20336,1,1
13167,0,1
3178,1,1
27670,1,1
19264,1,1
5261,1,1
17595,1,1
9683,0,1
5363,1,1
3404,1,1
18346,0,1
22966,1,1
14698,1,1
14133,0,1
13594,1,1
15497,1,1
10929,1,1
23056,1,1
20469,0,1
20565,1,1
10703,1,1
22941,1,1
19706,1,1
9246,1,1
21892,1,1
9156,1,1
1743,1,1
13144,1,1
9291,1,1
14375,1,1
24014,1,1
15167,0,1
14847,1,1
3473,1,1
28319,1,1
16936,1,1
276,1,1
27838,1,1
2196,0,1
5794,1,1
2309,0,1
27986,1,1
17900,1,1
16033,1,1
8283,1,1
6204,1,1
12353,1,1
19319,1,1
24922,1,1
21544,1,1
25906,1,1
22497,1,1
23703,1,1
8625,1,1
6482,1,1
22676,1,1
14504,1,1
2610,1,1
17991,1,1
9060,1,1
26659,1,1
17060,1,1
9396,0,1
13857,1,1
3429,1,1
24106,1,1
19298,1,1
5391,1,1
21582,1,1
832,1,1
15323,1,1
26946,1,1
20269,1,1
13251,0,1
22498,1,1
26258,1,1
5421,1,1
13434,0,1
2317,1,1
24953,1,1
26024,1,1
19670,1,1
9775,1,1
13038,1,1
2490,1,1
8143,1,1
14237,1,1
242,1,1
20862,1,1
8938,1,1
9703,1,1
27622,1,1
26509,1,1
21206,1,1
9702,1,1
7676,1,1
25309,1,1
14675,1,1
13146,1,1
13966,1,1
24846,1,1
15552,1,1
7658,0,1
7595,1,1
3174,1,1
21825,0,1
6150,1,1
11045,1,1
881,1,1
23545,1,1
4868,0,1
26140,1,1
22987,1,1
12913,1,1
99,1,1
11883,1,1
17984,1,1
16804,1,1
14199,1,1
8304,1,1
14916,1,1
4629,1,1
17155,1,1
19433,1,1
18849,1,1
19161,1,1
25369,1,1
5695,1,1
15956,1,1
27569,0,1
14570,1,1
1388,1,1
629,1,1
22997,1,1
27131,1,1
22503,1,1
4394,1,1
5721,1,1
18522,1,1
26760,1,1
24373,1,1
21222,1,1
10312,1,1
9082,1,1
24837,1,1
23686,1,1
24731,1,1
22455,1,1
28086,1,1
7805,1,1
25918,1,1
14917,1,1
5343,1,1
5087,1,1
24352,1,1
17809,0,1
2109,1,1
4765,1,1
7655,1,1
3125,1,1
21449,1,1
4660,1,1
16879,1,1
9421,1,1
19427,1,1
21299,1,1
2080,1,1
546,1,1
14052,0,1
26551,1,1
12208,0,1
3379,1,1
10781,1,1
14356,1,1
5976,1,1
13171,0,1
27646,1,1
24409,1,1
807,1,1
13907,0,1
8622,1,1
24243,1,1
25335,1,1
17676,1,1
15623,1,1
24714,0,1
11277,1,1
11260,1,1
20689,1,1
19962,1,1
26842,1,1
13723,0,1
18026,1,1
23051,1,1
246,1,1
15543,1,1
11639,1,1
9833,1,1
8226,1,1
1715,1,1
7864,1,1
7184,1,1
25048,1,1
17010,1,1
24237,1,1
10589,1,1
18625,1,1
13256,1,1
22724,1,1
7445,1,1
11050,1,1
21958,1,1
13087,1,1
16970,1,1
725,1,1
14497,1,1
169,1,1
7064,1,1
11904,1,1
3529,1,1
5172,1,1
9064,1,1
15986,0,1
16776,0,1
15425,1,1
4959,1,1
10934,1,1
22826,1,1
25749,1,1
26526,1,1
18981,1,1
15336,1,1
17229,1,1
16690,1,1
22785,1,1
23603,1,1
26757,1,1
14784,1,1
18783,0,1
18893,1,1
28143,1,1
19809,0,1
21300,1,1
10792,0,1
20972,1,1
6030,1,1
20361,1,1
24785,0,1
23121,1,1
22397,1,1
22121,1,1
26572,0,1
25785,1,1
25156,1,1
21632,1,1
15250,1,1
20991,1,1
25902,1,1
16261,1,1
1280,1,1
21670,0,1
8352,1,1
16701,1,1
8701,1,1
14944,1,1
24047,0,1
17906,1,1
7878,1,1
7727,0,1
887,1,1
19622,1,1
19956,1,1
5415,0,1
6455,1,1
12438,0,1
2758,1,1
7418,1,1
1395,1,1
6604,1,1
20455,1,1
9588,1,1
10518,1,1
19566,1,1
7971,1,1
22208,1,1
5403,1,1
11252,1,1
10282,1,1
11524,1,1
3407,1,1
16271,1,1
18897,1,1
27591,1,1
7130,1,1
20644,1,1
11813,0,1
1826,0,1
18004,1,1
18169,1,1
6120,1,1
11357,1,1
6351,1,1
3933,1,1
9573,1,1
26927,1,1
7908,1,1
15403,1,1
19610,1,1
15701,1,1
21965,1,1
2091,0,1
24727,1,1
12242,1,1
5183,1,1
28316,0,1
23099,1,1
19424,1,1
12883,1,1
5071,1,1
26075,1,1
19338,1,1
4872,1,1
24702,1,1
11011,0,1
11693,1,1
22424,0,1
10418,1,1
6497,1,1
11816,1,1
4295,1,1
1837,1,1
6865,1,1
4381,1,1
2019,1,1
23427,1,1
22659,0,1
213,1,1
4826,1,1
15574,0,1
27922,1,1
22799,0,1
5424,1,1
16810,1,1
23552,1,1
20191,1,1
5358,0,1
5874,1,1
19268,0,1
4948,1,1
10843,1,1
11840,0,1
22326,1,1
20611,1,1
20844,1,1
23959,1,1
8688,1,1
26333,1,1
10319,1,1
6148,1,1
15045,0,1
10622,1,1
22699,1,1
10244,1,1
8618,1,1
10748,0,1
224,1,1
14167,1,1
9627,1,1
20921,1,1
19441,1,1
19281,1,1
9261,1,1
18341,1,1
20605,1,1
24862,1,1
25628,1,1
14875,0,1
25137,0,1
8045,1,1
27315,1,1
6845,1,1
14214,1,1
2165,1,1
11084,1,1
7031,1,1
21666,1,1
25388,1,1
3049,1,1
8254,1,1
18209,1,1
18234,1,1
6868,1,1
20217,1,1
967,1,1
2672,1,1
849,1,1
10600,1,1
27874,1,1
14335,1,1
25533,1,1
23500,1,1
13090,1,1
6095,1,1
25984,1,1
9132,1,1
363,1,1
3254,1,1
19648,1,1
15173,1,1
24972,1,1
7904,1,1
23907,1,1
18332,1,1
27766,1,1
14180,1,1
17498,1,1
18934,1,1
19342,1,1
24115,0,1
25806,1,1
11899,1,1
19967,1,1
25903,1,1
21452,0,1
480,1,1
22122,1,1
7311,1,1
21205,0,1
8496,1,1
3937,1,1
18091,1,1
26166,1,1
23906,1,1
20065,1,1
17778,1,1
12852,0,1
22864,0,1
2270,1,1
2420,1,1
4601,1,1
8517,1,1
26629,1,1
1138,1,1
6644,1,1
10886,1,1
7568,0,1
5816,1,1
11452,1,1
19874,1,1
17794,1,1
10205,1,1
10767,1,1
11509,1,1
18888,1,1
7179,1,1
15441,1,1
6461,1,1
2205,1,1
369,1,1
1078,1,1
12416,1,1
13467,1,1
20763,1,1
21432,1,1
26466,1,1
20009,1,1
27225,0,1
18497,1,1
5282,1,1
11134,1,1
21522,1,1
18296,1,1
8216,1,1
12652,0,1
20019,1,1
18982,1,1
9391,1,1
14085,1,1
13104,0,1
11275,1,1
25658,1,1
4720,1,1
12830,1,1
9996,1,1
13156,1,1
12950,1,1
1701,1,1
6156,0,1
18273,0,1
5269,1,1
4400,1,1
16863,1,1
24420,1,1
11631,1,1
2523,1,1
13956,1,1
12689,1,1
27760,1,1
5110,1,1
25813,1,1
25139,1,1
24244,1,1
6000,1,1
22512,1,1
15834,1,1
12620,1,1
12722,1,1
8457,1,1
23711,1,1
6675,1,1
24250,1,1
11334,0,1
7789,1,1
21750,1,1
21410,1,1
4936,1,1
24867,1,1
498,1,1
9696,1,1
25373,1,1
3758,1,1
25851,1,1
15019,1,1
19741,0,1
6493,1,1
9827,1,1
23315,1,1
26768,1,1
746,1,1
9395,1,1
28011,1,1
11955,0,1
2353,1,1
10821,1,1
24598,1,1
8003,1,1
6988,1,1
9937,1,1
18450,1,1
4583,1,1
481,1,1
8243,1,1
16041,1,1
5481,1,1
6805,0,1
13057,0,1
15853,1,1
14990,0,1
25948,0,1
2259,0,1
15052,1,1
232,1,1
12053,1,1
15404,1,1
22067,1,1
18837,1,1
25278,1,1
22355,1,1
26778,1,1
14192,0,1
22558,1,1
3068,1,1
17765,1,1
4130,1,1
1015,0,1
12495,1,1
15761,1,1
26125,1,1
11912,1,1
2016,1,1
577,1,1
25160,0,1
20821,1,1
2874,0,1
27115,1,1
25343,1,1
8149,1,1
21268,0,1
22359,1,1
9882,1,1
13515,1,1
23499,1,1
4170,1,1
14500,0,1
22546,1,1
16599,1,1
6329,1,1
11540,1,1
8169,1,1
4480,0,1
22828,1,1
15451,1,1
6371,0,1
6092,1,1
19945,1,1
4081,1,1
27613,1,1
17451,1,1
12627,1,1
28035,1,1
1603,1,1
23656,1,1
6245,1,1
11771,1,1
23123,1,1
2327,0,1
14045,1,1
12182,1,1
15968,1,1
19270,1,1
1576,1,1
27298,1,1
12897,1,1
25974,1,1
16922,1,1
14484,0,1
9439,1,1
6969,1,1
955,1,1
7061,1,1
26804,1,1
4916,1,1
19151,1,1
4051,1,1
11703,1,1
24013,1,1
6362,0,1
12543,1,1
20144,1,1
8500,1,1
24165,1,1
10579,1,1
14810,1,1
657,1,1
16535,1,1
10001,1,1
2565,1,1
6737,0,1
24518,1,1
22091,1,1
11700,1,1
19083,1,1
1152,1,1
9409,1,1
16688,1,1
4876,1,1
21710,0,1
19413,1,1
11293,1,1
9792,1,1
2678,1,1
9610,1,1
26245,1,1
10552,1,1
21186,0,1
26368,1,1
28336,1,1
22696,1,1
4442,1,1
17466,1,1
1458,1,1
13782,1,1
17308,1,1
26469,1,1
23640,1,1
25017,1,1
18700,1,1
7573,0,1
5452,1,1
26418,1,1
24012,1,1
24947,1,1
24660,1,1
22984,1,1
11552,1,1
17062,1,1
25403,0,1
24293,1,1
17245,1,1
367,0,1
25034,1,1
16183,1,1
10273,0,1
10240,0,1
1570,1,1
16188,1,1
14929,1,1
21875,1,1
23939,1,1
11102,1,1
19240,1,1
26607,1,1
25127,1,1
13953,1,1
11464,1,1
11416,1,1
26021,1,1
21950,1,1
17490,1,1
12257,1,1
27099,1,1
23356,1,1
5536,1,1
12731,1,1
23126,0,1
9301,1,1
11633,1,1
17888,1,1
20437,1,1
1667,1,1
8614,1,1
12361,1,1
17402,1,1
23677,1,1
12807,0,1
20200,1,1
1124,1,1
11517,1,1
44,1,1
7982,0,1
11641,1,1
1424,1,1
21732,1,1
12789,1,1
6324,1,1
10443,1,1
24028,1,1
4418,1,1
17323,1,1
15189,1,1
26174,1,1
22171,0,1
8278,1,1
23034,1,1
10768,0,1
2082,1,1
11034,1,1
12798,0,1
2938,1,1
25250,1,1
22461,1,1
4047,1,1
18060,1,1
23436,1,1
27753,0,1
25750,1,1
4489,1,1
4582,1,1
501,1,1
12506,1,1
2065,1,1
22213,1,1
11761,1,1
26550,1,1
12348,0,1
18040,1,1
17692,1,1
14820,1,1
6415,1,1
17021,1,1
9767,1,1
20687,1,1
11546,1,1
20034,1,1
7623,1,1
16185,0,1
19875,1,1
6594,1,1
23556,1,1
11056,1,1
15721,1,1
11778,0,1
10888,1,1
1296,1,1
5662,1,1
20521,1,1
14596,1,1
5163,1,1
5894,1,1
11744,1,1
774,0,1
23344,1,1
6153,1,1
25551,1,1
5559,0,1
2559,1,1
14492,0,1
2762,1,1
26750,1,1
8240,1,1
5031,1,1
19783,1,1
17885,1,1
15592,1,1
4643,1,1
13356,1,1
10796,1,1
3476,1,1
9012,1,1
5525,1,1
2581,1,1
26693,1,1
5186,1,1
8499,1,1
27933,1,1
7204,1,1
19991,1,1
1511,1,1
809,1,1
8141,1,1
8654,0,1
27639,1,1
17089,0,1
9890,1,1
6308,0,1
11036,1,1
6462,1,1
5605,1,1
24960,1,1
8805,1,1
1102,1,1
24958,1,1
18135,1,1
21357,1,1
11927,1,1
3706,1,1
12751,1,1
15256,1,1
6322,1,1
5558,1,1
7630,1,1
27897,0,1
23994,1,1
23010,1,1
25412,1,1
16118,0,1
15274,1,1
7567,1,1
3813,1,1
18890,1,1
6772,1,1
8656,1,1
26882,1,1
13015,1,1
22311,1,1
18525,1,1
22032,1,1
15355,0,1
6321,1,1
26416,1,1
12114,1,1
14031,1,1
9456,1,1
4285,1,1
1295,1,1
2053,1,1
8918,1,1
11737,0,1
23253,1,1
14091,0,1
65,1,1
4061,1,1
5693,1,1
20727,1,1
23769,1,1
14069,0,1
1468,1,1
5167,1,1
12826,1,1
15198,1,1
5199,1,1
13751,0,1
26623,1,1
25961,1,1
27163,0,1
18624,1,1
9243,1,1
10345,1,1
8376,0,1
3321,1,1
26296,1,1
3806,1,1
20959,0,1
26207,1,1
3018,1,1
4495,1,1
16301,0,1
8597,1,1
3541,1,1
21035,1,1
1568,1,1
2231,1,1
16493,1,1
20345,0,1
11997,1,1
17766,1,1
14696,1,1
27850,1,1
26076,0,1
14506,1,1
5982,1,1
16600,1,1
22490,1,1
8785,1,1
4799,1,1
6357,1,1
2909,1,1
24081,1,1
9576,1,1
12235,1,1
13507,1,1
21428,1,1
4641,1,1
727,1,1
17502,1,1
25935,1,1
13439,1,1
7706,0,1
26625,1,1
10472,1,1
3712,0,1
6944,1,1
24347,1,1
4632,1,1
10789,1,1
23615,1,1
16326,1,1
12657,1,1
27232,1,1
21107,1,1
13832,1,1
22833,1,1
13101,1,1
28126,1,1
2108,1,1
13911,1,1
21346,1,1
11684,1,1
16060,1,1
24663,1,1
21342,0,1
13680,1,1
24552,0,1
21409,0,1
3217,1,1
24745,1,1
3894,1,1
20773,1,1
18243,1,1
17752,0,1
6313,0,1
16615,1,1
8671,1,1
5254,1,1
11842,1,1
514,1,1
5289,1,1
5639,1,1
6135,1,1
26906,1,1
16304,1,1
12213,1,1
199,0,1
25461,1,1
22930,1,1
8504,1,1
12618,1,1
12455,1,1
1347,1,1
18876,0,1
24967,1,1
358,1,1
6585,1,1
11364,1,1
10609,1,1
21231,1,1
19778,1,1
26305,1,1
14183,0,1
25992,1,1
14039,1,1
15392,0,1
14834,1,1
25258,0,1
8384,0,1
15406,1,1
7514,1,1
21372,1,1
418,1,1
10412,1,1
7484,1,1
17870,1,1
11881,1,1
16006,1,1
27407,1,1
26848,1,1
391,1,1
24197,1,1
8765,1,1
26808,1,1
8880,1,1
1647,1,1
20233,1,1
13658,1,1
5728,1,1
1631,1,1
1884,1,1
22861,1,1
9551,1,1
27979,1,1
15463,1,1
4300,1,1
2787,1,1
22040,1,1
24488,1,1
9030,1,1
6788,0,1
221,1,1
6283,1,1
15491,0,1
10332,1,1
23438,1,1
15196,1,1
13660,1,1
9498,1,1
7870,1,1
19914,1,1
27492,1,1
4098,1,1
8476,1,1
1875,1,1
5402,1,1
14360,0,1
24210,1,1
21241,1,1
14050,1,1
17529,1,1
22384,1,1
27097,1,1
11189,1,1
9687,1,1
11322,1,1
12440,1,1
28168,1,1
5193,1,1
1693,1,1
8623,1,1
17776,1,1
2025,1,1
10438,1,1
25337,0,1
1022,1,1
17226,1,1
14641,1,1
10246,1,1
19586,1,1
8949,1,1
15764,1,1
7408,1,1
311,1,1
4750,1,1
24610,0,1
5294,1,1
755,1,1
8285,1,1
15713,0,1
6007,1,1
6707,1,1
6463,0,1
3442,1,1
26543,1,1
26463,1,1
6212,1,1
8633,1,1
7399,0,1
413,1,1
24790,1,1
9115,0,1
3823,1,1
6681,1,1
6848,1,1
10307,1,1
13836,0,1
20467,1,1
10969,1,1
8639,1,1
17757,1,1
9670,1,1
16652,1,1
26789,1,1
301,1,1
13495,0,1
11427,1,1
3050,1,1
27754,0,1
7421,1,1
14994,1,1
1522,1,1
17597,1,1
28043,1,1
12600,1,1
2079,1,1
12655,1,1
1381,1,1
26196,1,1
4889,1,1
26818,1,1
18903,1,1
2204,1,1
26183,1,1
13294,1,1
2903,1,1
23745,1,1
2125,1,1
18596,0,1
15726,1,1
1643,1,1
2404,1,1
12504,1,1
25225,1,1
3410,1,1
4742,1,1
1874,1,1
5404,1,1
13847,1,1
12453,1,1
10927,0,1
22668,1,1
24587,1,1
18006,1,1
14347,0,1
16659,0,1
14897,1,1
24099,0,1
15117,1,1
706,1,1
6520,1,1
5927,1,1
10454,1,1
14428,1,1
12078,1,1
2374,1,1
23070,1,1
13388,1,1
12695,1,1
22157,1,1
2603,0,1
24971,1,1
5207,1,1
22487,1,1
16023,1,1
25061,1,1
8755,1,1
8527,1,1
12327,0,1
19175,1,1
8138,1,1
22779,1,1
11491,1,1
5690,1,1
23988,1,1
23104,1,1
27899,1,1
27962,1,1
27369,0,1
10410,1,1
4726,1,1
3024,1,1
17319,1,1
2631,0,1
20672,1,1
6282,1,1
15716,1,1
16228,1,1
8580,1,1
22018,0,1
18830,1,1
26891,1,1
18561,1,1
2609,1,1
23838,1,1
12137,1,1
3060,1,1
16714,1,1
27007,1,1
26355,1,1
22656,1,1
21068,1,1
1287,1,1
10220,1,1
13056,1,1
2576,1,1
14433,1,1
28154,1,1
4555,1,1
15753,0,1
26612,1,1
5826,1,1
16111,1,1
2208,1,1
21469,0,1
11855,1,1
26019,1,1
19365,1,1
18214,1,1
15270,1,1
16978,1,1
19103,1,1
20282,1,1
8652,0,1
24658,1,1
18573,1,1
20314,0,1
987,1,1
22301,1,1
583,0,1
27173,1,1
22477,0,1
26388,1,1
13430,1,1
24726,1,1
26678,1,1
17763,1,1
15418,1,1
27940,1,1
15718,1,1
25161,1,1
712,1,1
15768,1,1
18843,1,1
6388,1,1
13331,1,1
1,1,1
21080,1,1
22033,1,1
21911,1,1
27999,1,1
20811,1,1
12035,1,1
16099,0,1
2182,1,1
21860,1,1
25825,1,1
2274,1,1
24126,1,1
408,1,1
14728,0,1
19445,1,1
18708,1,1
6995,1,1
6171,1,1
10458,1,1
6125,1,1
7914,0,1
15090,1,1
5908,1,1
25643,1,1
9945,1,1
17771,1,1
7361,1,1
26007,1,1
7102,1,1
26997,1,1
18349,1,1
17986,1,1
6923,1,1
20519,1,1
7499,1,1
25353,0,1
13565,1,1
12534,1,1
2956,1,1
59,1,1
18200,1,1
11466,1,1
26558,1,1
19551,0,1
12444,1,1
21673,1,1
18753,1,1
17321,1,1
21163,1,1
4628,1,1
6584,0,1
17524,1,1
687,1,1
11488,1,1
9717,0,1
16931,1,1
12764,0,1
7121,1,1
1793,1,1
25287,1,1
14898,1,1
13112,1,1
21007,1,1
25882,1,1
21531,0,1
15358,1,1
27597,0,1
4205,1,1
27398,1,1
13001,1,1
23149,1,1
8659,1,1
19531,1,1
18906,1,1
4033,1,1
19568,1,1
12002,1,1
10313,1,1
9250,1,1
10585,1,1
3697,1,1
6690,1,1
21626,1,1
5376,1,1
23654,1,1
7325,1,1
28321,0,1
1925,1,1
7935,1,1
12725,1,1
22327,1,1
18779,1,1
22198,1,1
4542,1,1
3397,1,1
10755,1,1
4194,1,1
11413,1,1
14578,1,1
22878,1,1
17442,1,1
17804,1,1
7880,1,1
23910,1,1
26234,1,1
17489,0,1
20568,1,1
14951,1,1
8700,1,1
1133,1,1
14901,0,1
8877,1,1
2449,1,1
24954,0,1
709,1,1
22748,1,1
17215,1,1
18025,0,1
20534,1,1
18720,1,1
1360,1,1
24845,1,1
3058,1,1
15799,1,1
18818,1,1
10295,1,1
24863,1,1
1481,1,1
19198,1,1
21634,1,1
26126,1,1
5018,1,1
26734,1,1
26003,1,1
6941,1,1
3077,1,1
340,1,1
28032,0,1
9741,1,1
24334,1,1
4294,1,1
26229,1,1
10549,0,1
27417,1,1
17944,1,1
17632,1,1
13767,1,1
3317,1,1
20775,1,1
3858,1,1
9673,1,1
19570,1,1
23819,0,1
9097,0,1
26190,1,1
1023,1,1
28,1,1
11065,1,1
4452,1,1
14461,0,1
4020,1,1
12737,1,1
22642,1,1
12376,0,1
13508,0,1
12021,1,1
26860,1,1
15215,1,1
25410,1,1
12662,1,1
10122,0,1
22521,1,1
15678,1,1
6434,1,1
715,1,1
14878,0,1
23091,1,1
9468,1,1
7968,1,1
14617,1,1
11103,1,1
27849,1,1
6879,1,1
19612,1,1
14949,1,1
24394,1,1
22378,1,1
26298,0,1
12759,1,1
5677,1,1
28134,1,1
15916,1,1
2253,1,1
4852,1,1
10148,1,1
16482,1,1
21737,1,1
10100,1,1
14601,1,1
28343,1,1
9363,1,1
5049,1,1
14604,1,1
15708,1,1
20380,1,1
15223,0,1
21506,1,1
994,1,1
7553,1,1
24567,1,1
21984,1,1
24255,1,1
28196,0,1
7924,1,1
22236,1,1
25090,1,1
8589,1,1
10505,1,1
19563,1,1
24898,1,1
25083,0,1
3833,1,1
11532,1,1
24704,1,1
12119,1,1
19948,1,1
25870,1,1
14806,1,1
9471,0,1
20251,1,1
18266,1,1
10108,1,1
24553,1,1
7589,1,1
2970,1,1
16721,1,1
4284,1,1
18384,1,1
3138,0,1
18649,1,1
831,1,1
9532,1,1
6775,0,1
14405,1,1
10702,0,1
23484,1,1
4535,1,1
12219,1,1
5909,1,1
16569,1,1
7478,1,1
11141,1,1
7803,1,1
25838,1,1
12244,1,1
12621,1,1
15128,1,1
7234,1,1
1652,0,1
3590,1,1
22500,1,1
21002,1,1
4944,1,1
24142,1,1
26831,1,1
18733,1,1
11261,1,1
14030,1,1
6254,1,1
8914,0,1
21117,1,1
13921,1,1
17554,1,1
13066,1,1
7508,0,1
23841,1,1
15931,0,1
1795,1,1
10486,1,1
19868,1,1
15156,1,1
15814,1,1
1112,1,1
21691,1,1
8470,1,1
22456,1,1
397,1,1
4543,1,1
26863,1,1
7071,1,1
22563,1,1
21641,1,1
24351,1,1
7902,1,1
4071,1,1
22777,1,1
16241,1,1
26487,1,1
383,1,1
17221,1,1
24467,1,1
18483,1,1
10896,1,1
14017,1,1
18454,1,1
11300,1,1
10337,1,1
12466,1,1
23638,1,1
26084,1,1
9211,0,1
854,1,1
23631,1,1
19231,1,1
1009,1,1
2243,1,1
27093,1,1
6226,1,1
7629,1,1
13150,1,1
18877,1,1
24448,1,1
20444,1,1
22167,1,1
11792,0,1
9942,1,1
21362,0,1
17285,1,1
21144,0,1
2700,1,1
21135,0,1
6275,1,1
11104,1,1
26995,1,1
20368,1,1
3340,1,1
24060,0,1
13545,1,1
18629,1,1
26844,0,1
16813,1,1
24170,1,1
3876,1,1
404,1,1
7111,0,1
22887,1,1
9472,1,1
27923,1,1
7627,0,1
1030,1,1
9026,1,1
7038,1,1
446,1,1
13531,0,1
20847,1,1
4934,0,1
2261,1,1
7722,1,1
837,1,1
6206,1,1
23945,1,1
13536,0,1
2282,1,1
14537,1,1
13826,1,1
12814,0,1
6112,0,1
6067,1,1
7996,1,1
12333,1,1
11030,0,1
16972,1,1
2383,1,1
16616,0,1
12720,1,1
11999,1,1
16011,1,1
5104,1,1
290,1,1
21893,1,1
7027,1,1
26570,1,1
11980,0,1
20395,1,1
23459,0,1
25886,0,1
14254,1,1
20416,1,1
24045,0,1
13853,1,1
17644,1,1
16778,1,1
1856,0,1
19950,1,1
6691,1,1
28214,1,1
25739,1,1
19038,1,1
19044,1,1
3810,1,1
25164,1,1
20988,1,1
7923,1,1
5669,1,1
27127,1,1
26269,1,1
9100,1,1
22334,1,1
27825,0,1
24320,1,1
27564,1,1
19466,1,1
4695,1,1
4607,1,1
8070,1,1
10299,1,1
11382,0,1
26380,1,1
1281,1,1
26340,1,1
20646,0,1
13477,1,1
21708,0,1
6684,1,1
10635,1,1
13830,1,1
613,1,1
27867,1,1
1978,1,1
8008,1,1
9646,1,1
27793,1,1
20795,1,1
25778,1,1
5791,1,1
6695,1,1
16045,1,1
20197,1,1
13837,1,1
3359,0,1
27950,1,1
6264,1,1
4719,1,1
1899,1,1
19378,1,1
21227,1,1
27749,1,1
7428,1,1
6131,1,1
20451,1,1
14025,1,1
11892,1,1
16071,1,1
23105,1,1
9795,1,1
180,0,1
8615,1,1
11451,1,1
7367,0,1
9222,1,1
9557,1,1
22731,1,1
1865,1,1
8497,1,1
23523,1,1
3258,1,1
12030,1,1
25784,0,1
24111,1,1
18287,1,1
19643,1,1
15880,0,1
3074,1,1
13694,1,1
12104,1,1
6136,1,1
796,1,1
16732,0,1
20967,1,1
20021,1,1
1790,1,1
22224,1,1
7796,1,1
1508,0,1
25231,1,1
6380,1,1
27898,1,1
5057,1,1
1928,1,1
8244,1,1
13825,1,1
11319,1,1
23609,0,1
3255,1,1
4717,1,1
12699,0,1
14494,1,1
19988,1,1
14864,0,1
9373,1,1
7983,1,1
10483,1,1
3234,1,1
16053,1,1
12340,1,1
3043,1,1
11121,0,1
16264,1,1
23178,1,1
10828,1,1
19713,1,1
2550,1,1
24657,1,1
5281,1,1
6100,1,1
26396,1,1
16386,1,1
18867,1,1
12923,1,1
26165,1,1
28292,1,1
20264,1,1
18990,1,1
16817,1,1
16635,1,1
23712,1,1
7081,1,1
18138,1,1
23602,1,1
15525,0,1
7476,1,1
16312,1,1
23254,1,1
16230,1,1
10357,1,1
20688,1,1
24950,1,1
25433,1,1
14815,1,1
19890,1,1
18013,1,1
19750,1,1
27614,1,1
15624,1,1
18319,1,1
21308,1,1
10317,1,1
14467,1,1
18185,1,1
10007,1,1
25779,0,1
5280,0,1
8133,1,1
14028,1,1
20747,1,1
5200,1,1
12158,1,1
27518,1,1
23776,1,1
23295,0,1
17049,1,1
14948,1,1
1010,1,1
21312,1,1
11987,1,1
17277,0,1
14594,1,1
11709,1,1
14308,0,1
27949,0,1
2949,0,1
20391,0,1
19756,1,1
13950,1,1
21022,1,1
23340,1,1
15170,1,1
3743,1,1
17634,1,1
18539,1,1
14888,1,1
21993,1,1
22409,1,1
5992,1,1
25314,1,1
1634,1,1
14204,1,1
24270,1,1
24744,1,1
25237,1,1
8954,1,1
24502,1,1
15685,1,1
22625,1,1
13840,1,1
4586,1,1
9948,1,1
2988,1,1
8643,1,1
17928,1,1
7093,1,1
9983,1,1
27248,1,1
22350,1,1
13769,1,1
17342,1,1
19882,1,1
17407,1,1
23262,1,1
26672,1,1
11047,1,1
8702,1,1
28323,1,1
25685,1,1
8903,1,1
5921,1,1
26577,1,1
13819,1,1
9435,1,1
19089,1,1
3917,1,1
26903,1,1
3558,1,1
27620,0,1
20076,1,1
11113,1,1
5127,1,1
9275,0,1
24149,1,1
22501,1,1
19583,1,1
9765,1,1
13844,1,1
26038,1,1
243,1,1
18565,1,1
18365,1,1
16975,1,1
11161,1,1
7482,1,1
28261,1,1
11022,1,1
14909,1,1
2556,1,1
27396,1,1
9940,1,1
22532,1,1
27584,1,1
11143,1,1
11726,1,1
839,1,1
16998,1,1
13162,1,1
24999,1,1
2824,1,1
15715,1,1
10593,1,1
9810,1,1
7954,1,1
8744,1,1
10984,0,1
13018,1,1
21638,1,1
9398,1,1
22308,1,1
13603,1,1
261,1,1
3328,1,1
15075,1,1
13295,1,1
8970,0,1
19628,1,1
12542,0,1
23287,1,1
17662,0,1
27365,1,1
17651,1,1
9177,1,1
346,1,1
8299,1,1
5584,1,1
26098,1,1
305,1,1
14312,1,1
25741,1,1
6318,1,1
17992,1,1
9194,1,1
9975,1,1
10740,1,1
15526,0,1
26503,1,1
7105,1,1
20544,1,1
1675,1,1
8583,1,1
27990,1,1
3096,0,1
9103,1,1
2032,1,1
21881,1,1
24638,1,1
21348,1,1
27024,1,1
26459,0,1
4389,1,1
16929,1,1
8943,0,1
24974,0,1
21973,1,1
5265,1,1
4166,1,1
20878,1,1
16201,1,1
3358,1,1
25346,0,1
6632,1,1
11696,0,1
24504,1,1
19869,1,1
17693,1,1
19181,1,1
3331,1,1
20614,1,1
25475,1,1
1973,0,1
54,1,1
878,1,1
19923,1,1
7830,1,1
1821,1,1
26527,0,1
13731,1,1
5210,1,1
1761,1,1
12238,1,1
23643,1,1
27040,1,1
26716,1,1
27860,1,1
15772,1,1
20746,0,1
13948,1,1
4859,1,1
22900,1,1
11377,1,1
23376,1,1
13005,1,1
25956,1,1
1547,1,1
7019,1,1
27892,1,1
3479,1,1
26035,1,1
26167,1,1
506,0,1
9977,1,1
1425,1,1
11487,1,1
18363,0,1
16061,1,1
4798,1,1
3792,1,1
17038,1,1
7854,1,1
1008,0,1
11562,0,1
8098,1,1
13352,1,1
13501,1,1
510,1,1
12984,1,1
26257,0,1
17755,1,1
10634,1,1
26870,0,1
23857,0,1
4419,1,1
10795,0,1
3953,0,1
13343,1,1
19742,1,1
10853,1,1
19543,1,1
7799,1,1
11304,1,1
16772,1,1
27245,1,1
17157,1,1
23423,1,1
19657,1,1
7998,0,1
14894,0,1
14822,1,1
15354,1,1
3284,1,1
19425,1,1
19916,1,1
19842,1,1
24803,1,1
15627,1,1
7436,1,1
14152,1,1
5361,1,1
26587,1,1
23649,1,1
19322,0,1
22072,1,1
19476,1,1
23370,1,1
28085,1,1
23044,1,1
7357,1,1
572,1,1
4682,1,1
12763,1,1
1949,1,1
24051,1,1
10997,1,1
1748,1,1
14256,1,1
11310,1,1
10860,1,1
26838,1,1
11521,1,1
23257,1,1
15934,1,1
4671,1,1
11694,1,1
17020,1,1
3733,1,1
23691,1,1
28253,1,1
19775,1,1
22996,1,1
7407,1,1
19782,1,1
16935,1,1
10233,1,1
18878,1,1
16595,1,1
19601,1,1
6470,1,1
25257,1,1
16275,1,1
20435,1,1
12577,0,1
26952,1,1
14177,1,1
20682,1,1
4513,1,1
9094,1,1
20257,1,1
22791,1,1
24459,1,1
2088,0,1
18987,1,1
25167,1,1
28097,1,1
20737,0,1
10649,1,1
4237,1,1
10390,1,1
23647,1,1
9863,1,1
7343,1,1
12501,0,1
27174,1,1
26725,1,1
10567,1,1
14105,1,1
23120,1,1
16423,1,1
16915,1,1
22457,1,1
13447,1,1
13453,0,1
26363,1,1
10550,0,1
20189,1,1
23948,1,1
14423,1,1
16524,1,1
7022,1,1
19124,0,1
2061,1,1
14014,1,1
1449,1,1
12644,1,1
28129,1,1
11282,1,1
12417,1,1
24538,1,1
8249,1,1
13972,1,1
5475,1,1
3524,1,1
11923,1,1
28235,1,1
25186,1,1
3741,1,1
21894,1,1
7278,1,1
28056,1,1
12787,0,1
16160,1,1
12373,1,1
7342,1,1
13055,1,1
24715,1,1
11989,1,1
25547,1,1
18227,1,1
13147,1,1
25066,1,1
24406,1,1
8799,1,1
16345,1,1
23786,1,1
25822,1,1
1593,1,1
26810,1,1
28039,1,1
13817,1,1
8146,1,1
4247,1,1
7829,1,1
27411,1,1
14644,0,1
27935,1,1
8493,0,1
10083,1,1
16420,1,1
18351,1,1
14332,1,1
718,1,1
2585,1,1
1302,1,1
22970,1,1
19237,1,1
1118,1,1
4807,1,1
15098,1,1
24562,1,1
25150,0,1
17837,1,1
14043,1,1
3445,1,1
27145,1,1
11554,1,1
11953,1,1
1438,1,1
21785,1,1
6642,1,1
18671,1,1
17539,1,1
26375,1,1
13083,1,1
22444,1,1
24020,1,1
14626,1,1
18586,1,1
6519,1,1
89,1,1
27890,1,1
26317,1,1
11729,1,1
6404,1,1
6513,0,1
938,1,1
27432,1,1
16024,1,1
11302,1,1
19469,1,1
20135,1,1
26963,1,1
20324,1,1
10630,1,1
22473,1,1
21721,1,1
15991,1,1
25415,1,1
16581,1,1
17381,1,1
1340,1,1
27336,1,1
2145,0,1
25372,1,1
25298,1,1
9120,1,1
5757,1,1
5333,1,1
16673,1,1
10125,1,1
5453,1,1
26017,1,1
11661,1,1
17935,1,1
2851,1,1
20123,0,1
1873,0,1
24979,1,1
10751,1,1
3870,1,1
4697,1,1
16382,1,1
2428,0,1
6422,1,1
3667,1,1
20609,1,1
17515,1,1
27453,1,1
15580,1,1
26660,1,1
1469,1,1
16134,1,1
5739,0,1
20404,1,1
12890,1,1
26919,1,1
12017,1,1
17833,0,1
8116,1,1
14258,1,1
20072,1,1
12322,1,1
4481,1,1
17696,1,1
18249,1,1
3837,1,1
9217,1,1
19093,1,1
10685,0,1
12784,1,1
11052,1,1
18536,1,1
25193,1,1
13657,1,1
7154,1,1
18007,1,1
8205,1,1
20668,1,1
4121,1,1
25529,1,1
18922,0,1
22329,1,1
18270,1,1
16933,1,1
11544,1,1
9718,0,1
2625,1,1
28195,0,1
1543,1,1
4689,0,1
21890,0,1
21138,0,1
6998,1,1
26705,1,1
1002,1,1
17993,1,1
13669,1,1
13701,1,1
11586,1,1
7569,1,1
27211,1,1
26939,1,1
337,1,1
20419,1,1
9967,1,1
12023,1,1
10377,1,1
26785,1,1
24056,1,1
20648,1,1
1466,1,1
13419,1,1
13724,1,1
25609,1,1
684,0,1
26801,1,1
4305,1,1
3855,1,1
21018,0,1
16666,1,1
10027,1,1
9259,1,1
27833,1,1
17531,1,1
8896,1,1
8002,0,1
24719,1,1
19651,1,1
22553,1,1
11756,1,1
5773,1,1
12510,1,1
26090,1,1
25119,1,1
10871,1,1
22374,1,1
13197,1,1
23629,1,1
251,1,1
8902,1,1
23392,1,1
936,1,1
13377,1,1
22684,1,1
1552,1,1
166,1,1
10065,1,1
22831,0,1
14076,1,1
12115,1,1
14326,1,1
18488,1,1
5456,1,1
14963,1,1
10967,1,1
6586,1,1
23938,0,1
9623,1,1
18285,1,1
16809,1,1
16562,1,1
16021,1,1
11736,1,1
21327,1,1
22856,1,1
27755,1,1
18766,1,1
8879,1,1
3472,1,1
28156,1,1
14622,1,1
16484,1,1
16266,1,1
4266,1,1
23591,0,1
19673,1,1
22580,1,1
6802,1,1
7906,1,1
19055,1,1
12172,1,1
27250,1,1
24006,0,1
11397,1,1
19174,1,1
22705,1,1
19633,1,1
10331,1,1
12810,0,1
23628,1,1
8775,1,1
23302,1,1
7977,1,1
27980,1,1
18236,0,1
8024,1,1
14674,1,1
23875,1,1
1911,1,1
2438,1,1
7289,1,1
12120,1,1
7994,1,1
19305,1,1
3019,1,1
6757,0,1
693,1,1
12771,1,1
22566,1,1
19455,1,1
1887,1,1
12937,1,1
4181,1,1
22385,1,1
430,1,1
7443,1,1
14711,1,1
7626,1,1
18942,1,1
13712,1,1
10666,1,1
24093,1,1
18740,1,1
22519,0,1
165,1,1
24998,1,1
24895,1,1
3010,1,1
22181,1,1
5191,1,1
10101,1,1
18633,1,1
16456,1,1
17167,1,1
13721,1,1
27994,1,1
5544,1,1
22582,1,1
5095,1,1
5821,1,1
4861,1,1
7492,1,1
22888,1,1
7106,1,1
13433,1,1
24986,1,1
15903,1,1
18223,1,1
869,1,1
8175,1,1
8973,1,1
11867,1,1
11850,1,1
26331,1,1
27571,1,1
17860,1,1
18675,1,1
7660,1,1
24668,1,1
26949,1,1
22163,1,1
8934,1,1
12701,1,1
9826,1,1
13322,1,1
948,1,1
19391,1,1
5083,1,1
21811,1,1
22578,1,1
13442,1,1
15380,0,1
11356,1,1
13691,1,1
5292,1,1
2223,1,1
11928,1,1
20420,1,1
27872,1,1
10254,1,1
8359,1,1
7634,1,1
23233,1,1
10809,0,1
4262,1,1
15011,1,1
22366,1,1
20064,1,1
15436,1,1
18100,1,1
27542,1,1
15849,1,1
11459,1,1
14166,1,1
25391,1,1
1692,1,1
19963,1,1
14633,1,1
10498,1,1
19261,0,1
9361,1,1
15032,1,1
1332,1,1
13176,1,1
16678,0,1
6478,1,1
13337,0,1
19257,1,1
25253,0,1
18731,1,1
17246,1,1
6286,1,1
16834,1,1
23363,1,1
13799,1,1
4536,1,1
23497,1,1
20589,0,1
23753,0,1
10368,1,1
3481,0,1
12434,0,1
14762,1,1
18033,1,1
23454,1,1
14476,1,1
18535,1,1
252,1,1
17663,1,1
9425,1,1
19794,1,1
17575,1,1
10047,1,1
6954,1,1
20306,1,1
18833,1,1
23168,1,1
23042,1,1
16089,1,1
19687,1,1
11184,1,1
9910,1,1
22312,1,1
5645,1,1
3343,1,1
9583,1,1
26982,1,1
18403,1,1
17921,0,1
28267,1,1
12436,0,1
28262,1,1
13513,1,1
10859,1,1
20886,1,1
7417,1,1
7665,1,1
1441,1,1
5904,1,1
20177,1,1
20888,1,1
13790,1,1
15236,1,1
16439,1,1
14714,1,1
16605,1,1
27438,1,1
28008,1,1
20281,1,1
20421,1,1
15350,1,1
24535,1,1
2114,1,1
25853,1,1
19720,1,1
18042,1,1
25509,1,1
2294,1,1
10143,1,1
11514,1,1
8468,1,1
10660,1,1
2735,1,1
21847,1,1
19996,1,1
24868,1,1
14517,1,1
14871,1,1
27616,1,1
2387,1,1
19217,0,1
2039,1,1
22956,1,1
15672,1,1
17493,1,1
2075,1,1
3036,1,1
15161,1,1
7440,1,1
20557,1,1
21100,0,1
2542,1,1
13479,1,1
18750,1,1
1971,1,1
4603,1,1
27862,1,1
26654,1,1
12941,1,1
21910,1,1
17104,1,1
11199,1,1
18794,1,1
10471,1,1
22885,1,1
18581,1,1
272,1,1
21221,1,1
14567,1,1
26769,1,1
12012,0,1
10404,0,1
11702,0,1
3880,1,1
23216,1,1
7430,0,1
9727,1,1
22074,1,1
21026,1,1
23980,1,1
1764,1,1
11077,1,1
3163,1,1
9972,1,1
27895,1,1
3787,1,1
26086,1,1
8159,1,1
14129,1,1
15826,1,1
4288,1,1
24159,1,1
5870,1,1
22539,1,1
12863,1,1
5912,1,1
16796,1,1
1349,1,1
23798,1,1
21214,1,1
25188,1,1
14945,1,1
25040,1,1
2562,1,1
16437,1,1
2835,1,1
6666,1,1
22104,0,1
96,1,1
18516,1,1
16950,1,1
23505,1,1
20104,1,1
15213,1,1
26455,1,1
80,1,1
23028,1,1
26429,1,1
25746,1,1
8371,1,1
2540,1,1
4674,1,1
9330,1,1
1414,1,1
12854,1,1
13711,1,1
127,1,1
23141,1,1
6729,1,1
11741,1,1
7271,1,1
23134,0,1
10674,1,1
22514,0,1
3400,1,1
12047,1,1
10513,1,1
11495,0,1
3862,1,1
1495,1,1
27380,1,1
24140,0,1
18879,1,1
23762,0,1
4362,0,1
12539,0,1
12101,1,1
11828,1,1
1640,1,1
18701,1,1
17019,1,1
6528,0,1
25235,1,1
16205,1,1
27253,1,1
28249,1,1
10022,1,1
24676,0,1
10169,1,1
8325,1,1
19572,1,1
16056,1,1
27449,1,1
18356,0,1
9968,0,1
27637,1,1
8267,1,1
6074,1,1
11547,1,1
27866,1,1
1533,1,1
12930,1,1
15020,0,1
22834,1,1
21809,1,1
18237,1,1
14973,1,1
8743,1,1
5861,0,1
21992,1,1
11608,1,1
14659,1,1
12412,0,1
6963,1,1
28209,1,1
26972,1,1
17331,1,1
20911,0,1
327,1,1
1182,1,1
3648,1,1
22912,0,1
25196,1,1
5054,1,1
11042,1,1
11503,1,1
10351,1,1
8340,0,1
15854,1,1
21607,1,1
974,1,1
6093,1,1
19111,1,1
18912,1,1
1769,1,1
25291,0,1
25208,1,1
12049,1,1
10405,0,1
15465,1,1
18398,0,1
11105,1,1
5958,1,1
3327,1,1
5258,1,1
87,1,1
8523,1,1
27772,1,1
22,1,1
23342,0,1
6618,0,1
22214,1,1
26839,1,1
20479,1,1
16396,1,1
11656,1,1
6449,1,1
21915,1,1
6453,1,1
16330,1,1
10474,1,1
4296,1,1
591,1,1
16904,1,1
26706,1,1
28225,1,1
14793,1,1
15061,1,1
13939,1,1
6457,1,1
21096,1,1
22298,0,1
22124,1,1
8335,1,1
1361,1,1
25743,1,1
8467,1,1
27944,1,1
6494,1,1
17638,1,1
8195,1,1
16952,1,1
2596,1,1
4225,1,1
24869,1,1
26679,1,1
17586,1,1
26739,1,1
8876,1,1
17341,1,1
25069,1,1
19060,1,1
11774,1,1
2976,1,1
15998,1,1
24282,1,1
14190,1,1
28320,0,1
23432,1,1
4574,1,1
25711,1,1
14813,1,1
13462,1,1
433,1,1
10021,1,1
13727,1,1
26230,1,1
26988,1,1
23986,1,1
2801,1,1
10882,1,1
10258,0,1
8122,1,1
2344,1,1
28216,1,1
20272,1,1
14327,1,1
24589,1,1
9349,1,1
20287,1,1
17681,1,1
22076,1,1
11821,1,1
19498,1,1
3231,1,1
11387,1,1
11388,1,1
19024,1,1
11640,1,1
20584,1,1
11098,1,1
27489,1,1
6394,1,1
14274,1,1
25623,1,1
9018,1,1
2328,1,1
11566,1,1
1098,1,1
1786,1,1
2187,1,1
27361,1,1
16383,1,1
17282,1,1
9043,1,1
22476,1,1
13745,1,1
18636,0,1
12654,1,1
26276,1,1
1663,1,1
18748,1,1
16825,1,1
27351,1,1
8869,1,1
11933,1,1
2563,1,1
7123,0,1
22073,1,1
21661,1,1
8018,1,1
21976,1,1
5478,1,1
6342,1,1
2175,1,1
682,0,1
20926,1,1
5530,1,1
19050,1,1
4057,1,1
23622,1,1
27741,1,1
11159,1,1
18264,1,1
16958,0,1
16249,1,1
11404,1,1
647,1,1
16529,1,1
17417,1,1
24305,1,1
6489,1,1
24563,1,1
27501,1,1
20406,1,1
9364,1,1
21444,1,1
4630,1,1
24787,1,1
22069,1,1
1045,0,1
22248,1,1
3216,1,1
23904,1,1
4388,1,1
25290,1,1
18077,1,1
23931,0,1
8406,1,1
9503,1,1
17882,1,1
20595,1,1
24291,1,1
24721,1,1
27773,1,1
22890,1,1
362,1,1
11171,1,1
26427,1,1
8076,1,1
21695,1,1
6012,1,1
152,1,1
24433,1,1
116,1,1
24287,1,1
11962,1,1
16020,1,1
14186,1,1
25359,1,1
1472,1,1
23830,1,1
604,0,1
9442,1,1
14943,0,1
7582,1,1
17383,1,1
6787,1,1
19511,1,1
18148,1,1
25201,1,1
13916,0,1
24307,1,1
5306,1,1
15228,1,1
18168,1,1
16954,1,1
4891,1,1
3259,1,1
21217,1,1
13514,1,1
22153,1,1
26389,1,1
9387,1,1
12356,1,1
12278,1,1
8754,1,1
2849,1,1
10640,1,1
19448,1,1
1914,1,1
4731,1,1
4914,1,1
21869,1,1
13148,1,1
5134,1,1
21765,1,1
21333,1,1
7812,1,1
1392,1,1
19095,1,1
21255,1,1
26157,1,1
25544,1,1
4599,0,1
18197,1,1
7614,1,1
2727,1,1
19806,1,1
27436,1,1
16315,1,1
22926,1,1
19538,1,1
15444,1,1
19725,1,1
23610,0,1
420,1,1
11542,1,1
8180,1,1
13031,1,1
11667,1,1
13469,1,1
28049,1,1
23599,1,1
4545,1,1
10136,1,1
15960,1,1
18759,1,1
16705,1,1
6015,1,1
2669,1,1
18,1,1
7338,0,1
11950,1,1
11174,0,1
7762,1,1
17095,1,1
10928,1,1
3344,1,1
5811,1,1
16675,1,1
24705,1,1
16988,1,1
4307,0,1
23822,1,1
2692,1,1
9283,1,1
12688,1,1
2567,1,1
17122,1,1
25244,1,1
19685,1,1
18071,0,1
23923,1,1
22648,0,1
1860,0,1
28044,1,1
27405,1,1
15929,1,1
14437,1,1
1269,1,1
3843,1,1
25263,1,1
28334,1,1
2330,1,1
21795,1,1
25350,1,1
7700,1,1
10581,1,1
17023,1,1
14404,1,1
26685,1,1
18937,1,1
25148,1,1
9841,1,1
4350,1,1
22963,1,1
26055,1,1
23447,0,1
21092,1,1
9482,1,1
4957,1,1
4510,1,1
3902,1,1
27497,1,1
23928,1,1
5682,1,1
17144,1,1
17114,0,1
12773,1,1
8706,1,1
7180,1,1
12530,1,1
7337,0,1
20554,0,1
26118,0,1
8787,1,1
10290,1,1
3013,1,1
12665,1,1
5055,1,1
3223,1,1
13399,1,1
2728,1,1
13746,1,1
23504,1,1
18064,1,1
27255,1,1
4878,0,1
14876,1,1
27316,1,1
8247,1,1
4242,1,1
19489,1,1
4523,0,1
13563,1,1
21086,1,1
8410,0,1
201,1,1
3856,1,1
22054,1,1
8567,1,1
26969,1,1
27938,1,1
20260,1,1
8498,0,1
26406,1,1
10678,1,1
20015,1,1
22768,1,1
13478,1,1
14670,1,1
16601,1,1
20122,1,1
9624,1,1
4769,1,1
2191,1,1
16762,1,1
698,1,1
21832,0,1
19022,1,1
27102,1,1
25488,1,1
17862,0,1
1445,1,1
320,1,1
20831,0,1
18378,1,1
6641,1,1
22697,1,1
8905,1,1
13620,1,1
11431,1,1
14912,1,1
9543,1,1
27579,1,1
4239,0,1
19941,1,1
5680,1,1
26040,1,1
7519,1,1
2738,1,1
26481,1,1
9215,1,1
23731,1,1
15932,1,1
2192,0,1
28114,1,1
24738,1,1
17892,1,1
10352,0,1
2401,0,1
1796,1,1
8749,1,1
19314,1,1
21714,1,1
107,1,1
742,1,1
2331,1,1
12133,0,1
16548,0,1
8886,1,1
6596,1,1
9720,1,1
8995,1,1
10010,1,1
19329,1,1
9116,1,1
28005,1,1
4880,1,1
8063,1,1
22575,1,1
15502,1,1
27698,1,1
22164,1,1
452,1,1
26557,1,1
28234,1,1
245,0,1
20289,0,1
5581,0,1
3198,1,1
16200,0,1
2701,1,1
18309,1,1
20348,1,1
4721,1,1
14235,1,1
4573,1,1
23949,1,1
3103,1,1
10801,1,1
5393,1,1
25542,1,1
16283,1,1
15056,1,1
12364,1,1
13320,1,1
22576,1,1
1253,1,1
13824,1,1
3232,0,1
10939,1,1
10249,1,1
22014,1,1
26594,1,1
4025,1,1
4420,1,1
27143,1,1
17965,1,1
23757,1,1
6663,1,1
10423,1,1
27942,1,1
620,0,1
18358,1,1
14034,0,1
5654,1,1
27056,1,1
20283,1,1
26143,1,1
8407,1,1
28211,1,1
26289,1,1
4740,1,1
12979,1,1
7241,1,1
13842,1,1
3149,1,1
7632,1,1
13655,1,1
3355,1,1
21639,1,1
11454,1,1
4783,1,1
27221,1,1
16159,1,1
6650,1,1
9220,1,1
200,1,1
4541,1,1
2194,1,1
8955,1,1
19456,1,1
195,1,1
15409,1,1
23190,1,1
26528,1,1
25616,1,1
9296,1,1
13778,1,1
23743,1,1
7366,1,1
9322,0,1
26998,1,1
8850,1,1
9689,1,1
1480,0,1
14349,1,1
21843,1,1
26053,1,1
4413,1,1
3119,1,1
154,1,1
15272,1,1
17635,1,1
14868,1,1
27920,1,1
20079,1,1
21793,1,1
28128,1,1
17423,1,1
5810,1,1
7456,1,1
5857,1,1
20284,1,1
10103,1,1
22081,1,1
14369,1,1
25909,1,1
16251,0,1
20053,1,1
19037,1,1
5137,1,1
20498,1,1
13567,1,1
8694,1,1
16753,1,1
12075,0,1
9926,1,1
13216,1,1
8525,0,1
27278,1,1
13629,1,1
23004,1,1
6368,1,1
2906,1,1
22893,0,1
19238,1,1
22866,1,1
19076,1,1
26688,1,1
3793,1,1
12723,1,1
22962,1,1
25757,0,1
193,1,1
11617,1,1
3690,1,1
15476,1,1
865,1,1
14816,1,1
19594,0,1
12957,1,1
24857,1,1
9150,1,1
5671,1,1
18109,1,1
2123,1,1
22209,1,1
26722,0,1
969,1,1
11003,1,1
10823,1,1
12599,1,1
27120,1,1
7277,1,1
26074,1,1
18440,1,1
8072,1,1
26822,1,1
864,1,1
19227,1,1
28276,1,1
26510,1,1
19864,1,1
8872,1,1
7643,1,1
17332,1,1
13576,1,1
16561,1,1
13393,0,1
13260,1,1
8672,1,1
1814,1,1
440,1,1
21561,1,1
24561,1,1
23908,1,1
10445,1,1
1606,1,1
17749,1,1
19796,1,1
14921,1,1
25352,0,1
5607,1,1
7505,1,1
11606,1,1
20185,1,1
7472,1,1
21952,1,1
2597,1,1
6274,1,1
19399,1,1
1038,0,1
18208,1,1
3120,0,1
24530,1,1
2682,1,1
19870,1,1
25816,0,1
25407,1,1
18887,0,1
16996,1,1
23815,0,1
22801,1,1
85,1,1
22915,1,1
25730,0,1
10242,1,1
5951,1,1
25565,1,1
11575,0,1
8358,1,1
14454,1,1
7980,1,1
5020,1,1
6812,1,1
26408,1,1
5084,1,1
20734,0,1
26865,0,1
2129,1,1
27697,1,1
12022,0,1
7069,1,1
2333,1,1
19349,1,1
7228,1,1
16253,1,1
26370,1,1
13490,1,1
23955,1,1
20277,1,1
22708,1,1
25899,1,1
24399,1,1
2090,1,1
10340,1,1
20950,1,1
19295,1,1
23716,1,1
15395,0,1
393,1,1
14869,1,1
26016,1,1
2558,1,1
13413,1,1
21725,1,1
4857,1,1
4076,1,1
25081,1,1
13179,1,1
27800,1,1
12314,1,1
17587,1,1
13556,0,1
23968,1,1
8449,1,1
13382,1,1
17581,1,1
11878,1,1
11088,1,1
17590,1,1
15288,1,1
24424,1,1
11739,1,1
24742,1,1
13426,1,1
5878,1,1
25832,1,1
4870,1,1
12638,1,1
19482,1,1
24080,1,1
12797,0,1
8214,1,1
21365,1,1
5886,1,1
13820,1,1
27463,1,1
5336,1,1
14574,1,1
27919,1,1
13289,1,1
25021,1,1
16040,1,1
11376,1,1
6311,1,1
27820,1,1
19957,1,1
5623,1,1
15628,1,1
5214,1,1
17394,1,1
11697,1,1
12799,1,1
5420,1,1
23372,1,1
2965,1,1
7862,0,1
3721,1,1
5341,1,1
5989,1,1
25422,0,1
3612,1,1
8888,1,1
14959,1,1
1741,1,1
22740,1,1
17807,1,1
22278,1,1
3266,1,1
19464,1,1
20427,1,1
449,1,1
27326,1,1
20692,1,1
5964,1,1
27302,1,1
17572,1,1
25484,1,1
20671,1,1
639,0,1
13169,1,1
22441,1,1
4929,1,1
6280,1,1
15115,1,1
26597,1,1
20443,0,1
16445,0,1
21314,1,1
27550,1,1
8182,1,1
25662,1,1
5795,1,1
3244,1,1
8810,1,1
28313,1,1
349,1,1
443,1,1
19069,1,1
9774,1,1
20992,0,1
23882,1,1
20599,1,1
16870,1,1
1738,0,1
13457,0,1
24035,1,1
15468,0,1
16268,1,1
21817,1,1
13560,1,1
27764,1,1
27048,1,1
9997,1,1
16767,1,1
16854,1,1
16880,1,1
25794,1,1
7583,1,1
21611,1,1
2648,1,1
22735,1,1
2507,1,1
25682,0,1
25449,1,1
16740,0,1
19697,1,1
20907,1,1
20547,0,1
13633,1,1
19958,1,1
25010,1,1
12625,0,1
8803,0,1
7512,1,1
2915,1,1
10540,1,1
20629,1,1
713,1,1
2396,1,1
10191,1,1
6176,1,1
26381,1,1
26144,1,1
28217,1,1
2199,1,1
4412,1,1
3435,1,1
10805,1,1
756,1,1
10005,1,1
24769,1,1
13771,1,1
3285,1,1
11043,1,1
13811,1,1
5123,1,1
13937,1,1
20342,0,1
19169,1,1
13783,1,1
2973,1,1
11931,0,1
7742,1,1
24729,1,1
571,0,1
1494,1,1
6199,1,1
10957,1,1
24032,1,1
20713,1,1
8096,1,1
15382,1,1
2953,1,1
2813,1,1
10992,1,1
17968,1,1
2342,1,1
22049,1,1
2212,0,1
518,1,1
28229,1,1
19353,1,1
21908,1,1
3994,1,1
10039,1,1
2707,1,1
21075,1,1
15346,1,1
5732,1,1
16891,1,1
2717,0,1
5967,1,1
25695,0,1
5822,1,1
21013,1,1
21481,1,1
637,1,1
23136,0,1
26885,1,1
9586,1,1
25493,1,1
3680,1,1
11229,1,1
8206,1,1
22605,1,1
10773,1,1
3486,1,1
5039,1,1
16141,1,1
21630,0,1
2363,1,1
3418,1,1
13398,1,1
7165,1,1
7420,1,1
3461,1,1
12893,1,1
28019,1,1
23648,0,1
891,0,1
3029,1,1
23734,1,1
6016,1,1
24865,1,1
22894,0,1
5066,1,1
14581,1,1
8574,1,1
1581,1,1
11535,1,1
17161,1,1
228,1,1
21043,1,1
25702,1,1
21831,1,1
25526,1,1
9770,1,1
26411,1,1
15165,1,1
14155,1,1
24408,1,1
1049,1,1
3072,1,1
18809,1,1
10729,1,1
17404,1,1
13103,1,1
238,1,1
4533,1,1
8187,1,1
7562,1,1
4788,1,1
3749,1,1
16622,1,1
2332,1,1
13551,1,1
10087,1,1
14321,1,1
19558,1,1
4492,0,1
4690,1,1
24344,1,1
21287,1,1
3121,1,1
22881,1,1
27291,1,1
19434,1,1
5745,1,1
25246,1,1
26085,1,1
21178,1,1
8241,1,1
6872,1,1
9665,1,1
11294,1,1
16777,1,1
25468,1,1
12077,1,1
16384,1,1
9122,1,1
14363,0,1
11976,1,1
14187,0,1
6160,0,1
15273,1,1
12211,1,1
9690,1,1
11342,1,1
11493,0,1
13405,1,1
9537,0,1
22787,1,1
8678,1,1
8370,1,1
6475,0,1
21340,0,1
27503,1,1
13673,0,1
10175,1,1
7113,1,1
2549,1,1
9355,1,1
2230,1,1
17076,1,1
3777,1,1
15174,1,1
12711,1,1
24919,1,1
9778,1,1
24621,1,1
12965,1,1
27554,1,1
21172,0,1
5652,1,1
5338,1,1
23611,1,1
25651,1,1
10263,1,1
3630,1,1
10142,1,1
22389,1,1
4575,1,1
27416,1,1
1120,1,1
1794,0,1
23577,1,1
10523,1,1
14914,0,1
18383,1,1
19317,1,1
1090,1,1
6102,1,1
18477,1,1
18466,0,1
9957,1,1
7770,1,1
10155,1,1
12790,1,1
12892,1,1
1323,1,1
11536,1,1
6551,1,1
13990,1,1
11160,0,1
18233,1,1
16993,1,1
4107,1,1
27379,1,1
798,1,1
2687,0,1
7133,1,1
17141,1,1
4931,1,1
26932,1,1
18551,1,1
3724,1,1
28153,1,1
25058,1,1
10580,1,1
2634,1,1
8435,1,1
9258,1,1
23601,1,1
24192,1,1
9783,1,1
27149,1,1
13139,0,1
9189,1,1
16215,1,1
15905,1,1
19919,1,1
16869,1,1
20884,1,1
12319,1,1
11215,1,1
1029,1,1
9545,0,1
23473,1,1
27694,1,1
2961,1,1
26222,1,1
2233,1,1
12066,1,1
9824,0,1
17555,1,1
26398,1,1
14013,1,1
10662,1,1
16640,1,1
17492,1,1
18204,1,1
27543,1,1
22058,1,1
13996,1,1
3665,1,1
8893,1,1
640,1,1
191,1,1
9423,1,1
23294,0,1
7403,1,1
3750,1,1
24707,1,1
4484,1,1
1922,1,1
4138,1,1
4700,1,1
13085,1,1
18070,1,1
3660,1,1
6617,1,1
3361,1,1
22775,1,1
8817,1,1
2940,1,1
20860,1,1
14265,1,1
21820,0,1
10508,1,1
5758,1,1
18090,1,1
19439,1,1
3369,1,1
7962,0,1
16727,1,1
6032,1,1
20866,0,1
3608,1,1
19386,1,1
14757,1,1
1636,1,1
15041,1,1
27606,1,1
10569,1,1
4600,1,1
22965,1,1
27853,1,1
2951,1,1
11000,1,1
16938,1,1
2107,1,1
18063,0,1
19981,1,1
16520,1,1
12888,1,1
18498,0,1
15528,1,1
10091,1,1
1993,1,1
12201,1,1
14735,1,1
3000,1,1
8941,1,1
14632,1,1
20159,1,1
7502,1,1
2202,1,1
18027,1,1
25527,1,1
24899,1,1
18695,1,1
11248,1,1
25187,1,1
26840,1,1
10715,1,1
4939,1,1
26311,1,1
18537,1,1
775,1,1
19635,1,1
17483,0,1
16874,1,1
13781,1,1
23730,1,1
7380,1,1
570,1,1
10018,1,1
4446,1,1
12948,1,1
8202,1,1
1666,1,1
21726,1,1
12671,1,1
9520,1,1
504,0,1
25958,1,1
10926,1,1
27482,0,1
1835,1,1
1282,0,1
6515,1,1
22390,1,1
10575,1,1
4303,1,1
15737,1,1
27970,1,1
13036,1,1
16222,1,1
7953,1,1
26943,1,1
27134,1,1
21541,1,1
8078,1,1
19630,1,1
11235,0,1
15877,0,1
23307,1,1
35,1,1
21683,1,1
12682,1,1
4612,1,1
7883,1,1
23345,1,1
24784,1,1
8160,1,1
8317,1,1
24699,1,1
10490,1,1
4265,0,1
17568,1,1
842,1,1
15749,1,1
3929,0,1
3891,1,1
11735,1,1
5945,1,1
10573,1,1
1609,1,1
2730,1,1
24053,1,1
14892,1,1
25945,1,1
13895,1,1
16982,1,1
23695,1,1
14323,1,1
12954,1,1
15210,1,1
4465,1,1
22004,0,1
4230,1,1
12027,1,1
14655,1,1
8259,1,1
7096,1,1
15601,1,1
21210,1,1
8236,1,1
16959,1,1
17163,1,1
8655,1,1
18414,1,1
19827,1,1
24580,1,1
8507,1,1
11593,1,1
20261,1,1
15053,1,1
18448,1,1
12661,1,1
9197,1,1
15739,1,1
104,0,1
3635,1,1
10152,1,1
9648,1,1
17659,1,1
7303,0,1
16991,1,1
1766,1,1
23350,1,1
7960,1,1
5021,1,1
6473,1,1
25977,1,1
13623,0,1
12758,1,1
14093,1,1
15220,1,1
24671,1,1
16709,1,1
3786,1,1
3836,0,1
10032,1,1
19690,1,1
8332,1,1
2267,1,1
27757,1,1
22367,1,1
5829,1,1
17878,1,1
9786,1,1
1691,1,1
16680,0,1
12933,1,1
9491,1,1
3907,1,1
28301,1,1
9374,0,1
24605,1,1
13650,1,1
9593,1,1
18415,1,1
25786,1,1
17812,1,1
27354,1,1
4559,1,1
27039,1,1
14481,1,1
11995,1,1
27490,0,1
19438,1,1
26280,1,1
2481,1,1
819,1,1
7891,1,1
12611,1,1
18694,1,1
24508,1,1
21967,1,1
15746,1,1
9430,0,1
22889,1,1
8703,1,1
12381,1,1
6673,1,1
3617,1,1
14685,1,1
10281,1,1
23172,0,1
9224,1,1
24866,1,1
2689,1,1
27471,1,1
8715,1,1
25536,1,1
5869,0,1
2760,1,1
4383,1,1
16390,1,1
6536,1,1
23773,1,1
21006,1,1
16273,1,1
10765,1,1
9161,1,1
20761,1,1
16137,1,1
6591,1,1
13582,1,1
18228,1,1
19320,1,1
6261,1,1
10827,1,1
27466,1,1
9366,1,1
9654,1,1
19437,1,1
2416,1,1
2871,1,1
15486,1,1
26034,1,1
653,1,1
4068,1,1
26315,1,1
7931,1,1
27545,1,1
21548,1,1
20415,0,1
23382,1,1
12011,1,1
4060,1,1
14996,1,1
9377,1,1
23950,1,1
3385,1,1
4274,1,1
28142,1,1
15719,1,1
9662,1,1
22133,1,1
17230,1,1
3928,1,1
1520,1,1
20979,1,1
6107,1,1
26200,1,1
12517,1,1
16001,1,1
11262,1,1
24670,1,1
25039,1,1
20855,1,1
5067,1,1
15556,1,1
14558,1,1
5641,1,1
27150,1,1
9851,1,1
8857,1,1
5431,1,1
9935,1,1
19068,1,1
8908,1,1
9655,1,1
1894,1,1
26846,1,1
26063,1,1
16163,1,1
12039,1,1
19845,1,1
12263,1,1
3854,1,1
23041,1,1
18530,1,1
14745,1,1
4642,1,1
2495,1,1
17313,1,1
26600,1,1
27984,1,1
17203,1,1
18217,1,1
7267,1,1
24400,1,1
14487,1,1
21174,1,1
3101,1,1
9550,1,1
23299,1,1
16411,1,1
23093,1,1
10300,1,1
20616,1,1
4450,1,1
19652,1,1
6953,1,1
27625,1,1
10182,1,1
9802,1,1
21045,1,1
25528,0,1
18920,1,1
17222,1,1
26772,1,1
5042,1,1
3821,1,1
6647,0,1
15456,1,1
17103,1,1
27789,0,1
15976,1,1
27008,1,1
25007,1,1
7684,1,1
4080,1,1
2427,1,1
30,1,1
23675,1,1
883,1,1
21232,1,1
19689,1,1
18974,1,1
8693,1,1
1575,1,1
26252,1,1
18442,0,1
9750,1,1
18845,1,1
1298,1,1
17550,1,1
1833,1,1
2372,1,1
13017,1,1
14572,1,1
14649,1,1
4512,1,1
4993,1,1
17298,1,1
10394,1,1
12570,1,1
15771,1,1
7534,1,1
16655,1,1
25708,1,1
11952,1,1
5858,1,1
18983,1,1
4271,1,1
309,1,1
5011,1,1
25136,1,1
26218,1,1
19115,1,1
7970,1,1
16008,1,1
9661,0,1
10395,1,1
18739,1,1
1101,0,1
10895,1,1
16373,1,1
9678,1,1
14239,0,1
10211,0,1
8573,1,1
20192,1,1
11598,1,1
15178,1,1
25938,1,1
25620,1,1
12944,1,1
11127,1,1
27666,1,1
22084,1,1
15372,1,1
3032,1,1
27383,1,1
9079,1,1
9265,1,1
8294,1,1
24631,1,1
21446,1,1
23562,1,1
7496,0,1
4905,1,1
23780,1,1
10816,1,1
21736,1,1
2291,1,1
3517,1,1
18336,0,1
26538,1,1
8379,1,1
2162,1,1
10365,1,1
11504,1,1
18566,1,1
8526,1,1
12138,1,1
19125,1,1
1611,1,1
3695,1,1
23282,1,1
1060,1,1
4360,1,1
4032,1,1
12151,1,1
21393,1,1
10754,1,1
20428,1,1
6564,1,1
15661,1,1
5178,1,1
3468,1,1
23749,1,1
9848,1,1
8746,1,1
23162,1,1
1700,1,1
14957,1,1
25321,1,1
21463,1,1
3341,1,1
12168,1,1
16217,1,1
23593,1,1
8115,1,1
27310,1,1
20623,1,1
18330,1,1
12692,1,1
15366,1,1
19420,1,1
2655,1,1
20820,1,1
25417,1,1
25885,1,1
20591,0,1
431,1,1
6370,1,1
4472,1,1
6932,1,1
6217,1,1
21119,1,1
3587,1,1
26274,1,1
8939,0,1
20018,1,1
900,1,1
13734,1,1
2635,1,1
22449,1,1
11247,1,1
11075,1,1
19791,1,1
19401,1,1
11677,1,1
2591,1,1
13080,1,1
27934,1,1
22814,0,1
3966,1,1
16144,1,1
26681,1,1
14071,1,1
28333,1,1
19808,1,1
23826,1,1
14699,1,1
21282,1,1
28124,1,1
6487,1,1
9992,1,1
20900,1,1
7515,1,1
15559,1,1
4308,0,1
20970,1,1
12804,1,1
20108,1,1
7240,0,1
6417,1,1
21514,1,1
5609,1,1
27037,1,1
27731,0,1
4198,1,1
18563,1,1
23625,1,1
22995,1,1
19529,1,1
7893,1,1
26106,1,1
18800,1,1
2598,1,1
10151,1,1
23514,1,1
9531,1,1
13539,1,1
9419,0,1
17499,1,1
6481,1,1
9518,1,1
2912,1,1
9389,1,1
4995,1,1
5848,1,1
10041,1,1
12178,1,1
19428,1,1
20932,1,1
8685,1,1
8494,0,1
27028,1,1
1410,1,1
24380,1,1
10026,1,1
12995,0,1
25165,0,1
3497,1,1
14786,1,1
10607,1,1
23440,1,1
10950,1,1
25966,1,1
25204,0,1
5374,1,1
24350,0,1
27801,1,1
20745,1,1
23170,1,1
26495,1,1
10209,1,1
18017,1,1
24828,1,1
27948,0,1
5548,1,1
6753,1,1
5868,1,1
1716,1,1
13849,1,1
855,1,1
21902,1,1
12271,1,1
23977,1,1
11332,1,1
5537,1,1
24209,1,1
15983,1,1
11832,1,1
19213,1,1
20975,1,1
25821,1,1
8131,1,1
5843,1,1
123,1,1
19347,0,1
73,1,1
14692,1,1
23997,1,1
20323,1,1
22967,0,1
25908,1,1
22186,1,1
25791,1,1
15971,0,1
26948,1,1
25668,1,1
8014,1,1
25773,0,1
8044,1,1
1851,1,1
13368,1,1
24231,1,1
22094,1,1
6996,1,1
10170,0,1
24348,1,1
1595,1,1
26912,1,1
12277,1,1
16305,1,1
21398,1,1
5141,1,1
17657,1,1
2035,1,1
15676,1,1
10786,1,1
13598,1,1
10195,1,1
27510,1,1
13157,1,1
25102,1,1
11025,1,1
19662,1,1
4772,1,1
14538,1,1
19225,0,1
12823,1,1
13206,0,1
1188,1,1
18463,1,1
1080,1,1
8309,1,1
3897,1,1
17667,1,1
27346,1,1
11097,1,1
23404,0,1
27500,1,1
20881,1,1
7363,0,1
2633,1,1
24033,0,1
2890,1,1
1980,1,1
26111,1,1
11048,1,1
27246,1,1
11094,1,1
26875,1,1
2216,1,1
17845,1,1
7190,1,1
2305,1,1
26046,1,1
4287,1,1
17953,1,1
11518,1,1
4470,1,1
20445,1,1
9660,1,1
8354,1,1
4677,1,1
7513,1,1
21307,1,1
27557,1,1
1578,1,1
14573,1,1
15030,0,1
26314,0,1
12947,1,1
13643,1,1
8025,0,1
7023,1,1
23139,1,1
27928,1,1
6525,1,1
17910,1,1
9173,1,1
26309,0,1
8101,1,1
13523,1,1
15423,1,1
26749,1,1
2991,1,1
12325,1,1
18751,1,1
9251,1,1
4885,1,1
3180,1,1
15408,1,1
7268,1,1
7163,1,1
4733,1,1
22636,1,1
21157,1,1
10072,1,1
24251,1,1
1191,1,1
4813,1,1
26123,1,1
7454,1,1
15081,1,1
1933,1,1
1208,1,1
10559,1,1
7730,1,1
9489,1,1
17091,1,1
1329,1,1
13347,1,1
13106,1,1
9594,1,1
426,1,1
3845,1,1
219,1,1
3586,1,1
2705,1,1
9564,1,1
18999,0,1
8881,1,1
17588,1,1
19524,0,1
15064,1,1
194,1,1
11460,1,1
25227,1,1
19555,1,1
27269,0,1
20142,1,1
8739,1,1
22647,1,1
8811,1,1
14209,1,1
26291,1,1
302,1,1
7390,1,1
1204,1,1
19127,1,1
27839,0,1
21215,1,1
7649,1,1
26031,1,1
4670,1,1
16349,1,1
4841,1,1
13134,1,1
6358,1,1
1197,1,1
27803,1,1
17312,1,1
1273,1,1
19675,0,1
7863,1,1
15467,1,1
27781,1,1
10112,1,1
26650,1,1
19384,1,1
10045,1,1
21249,1,1
10831,1,1
11226,1,1
2971,1,1
20106,0,1
27353,1,1
1402,1,1
8911,1,1
7212,1,1
13641,1,1
6820,1,1
15121,1,1
27138,1,1
21472,1,1
10974,1,1
20985,1,1
18714,1,1
10756,1,1
12678,1,1
5161,1,1
6612,1,1
9916,1,1
13061,1,1
3745,1,1
12338,1,1
27029,1,1
17508,1,1
26596,1,1
25429,1,1
20632,1,1
21360,0,1
1339,1,1
8171,1,1
10694,1,1
2636,1,1
16282,1,1
14977,1,1
25317,1,1
2475,1,1
26102,1,1
1924,0,1
17599,1,1
400,1,1
6505,1,1
28045,1,1
20302,1,1
5101,1,1
10399,1,1
14277,1,1
6458,1,1
26853,1,1
6343,1,1
22540,1,1
16124,1,1
14261,0,1
3623,0,1
18533,0,1
5082,0,1
2749,1,1
13435,1,1
18925,0,1
2615,1,1
7099,1,1
9266,1,1
17505,1,1
22749,1,1
7559,1,1
24403,1,1
24826,1,1
14577,1,1
13213,0,1
6514,1,1
10991,1,1
1655,1,1
1760,1,1
3781,1,1
21943,1,1
19710,1,1
7848,1,1
24749,0,1
15579,1,1
15277,0,1
16232,1,1
20325,1,1
24558,1,1
23860,1,1
10615,1,1
16895,1,1
3817,1,1
7907,0,1
18691,1,1
25829,1,1
16878,1,1
2163,1,1
9805,1,1
26858,1,1
22877,0,1
28232,0,1
26721,1,1
19026,1,1
10709,1,1
17687,1,1
1997,1,1
25641,1,1
27079,1,1
27562,1,1
13978,1,1
9432,1,1
20617,1,1
27722,1,1
10545,0,1
27506,1,1
10951,1,1
4357,1,1
15868,0,1
21278,0,1
7415,1,1
23380,1,1
24146,0,1
24127,1,1
12782,1,1
5610,1,1
8320,1,1
25770,1,1
8891,1,1
27607,1,1
9461,1,1
24143,1,1
18747,1,1
2823,1,1
22581,1,1
25707,1,1
11240,1,1
19695,1,1
8380,1,1
18850,1,1
10669,1,1
21568,1,1
11009,1,1
17142,1,1
24940,1,1
14110,0,1
24560,0,1
12149,1,1
18861,1,1
19387,1,1
2724,1,1
25574,1,1
15632,0,1
23200,1,1
22859,1,1
26714,1,1
8464,1,1
20118,1,1
15630,1,1
24208,1,1
25351,0,1
9517,1,1
26862,1,1
8771,1,1
8088,1,1
10309,1,1
5307,1,1
4500,1,1
7975,1,1
10049,1,1
14304,1,1
14733,1,1
22495,1,1
4372,1,1
19613,1,1
16443,1,1
6814,1,1
7135,1,1
17100,1,1
8984,1,1
11448,1,1
20300,0,1
24425,1,1
27626,1,1
12383,1,1
26410,1,1
7937,1,1
24759,1,1
6570,1,1
7412,1,1
6227,1,1
21136,1,1
14974,1,1
3678,1,1
5162,1,1
6578,1,1
10986,1,1
9370,1,1
1867,1,1
22215,1,1
18399,1,1
209,1,1
22507,1,1
9276,1,1
15789,1,1
9274,1,1
27276,1,1
21944,1,1
13686,1,1
23101,1,1
13967,1,1
844,1,1
27274,1,1
26397,1,1
19491,1,1
24841,1,1
24544,1,1
27673,1,1
15416,1,1
23400,1,1
21679,1,1
20693,1,1
6931,1,1
27215,1,1
4315,1,1
2908,1,1
6134,0,1
8642,1,1
22297,1,1
2514,1,1
11032,1,1
5197,1,1
19606,1,1
19152,1,1
7794,1,1
13043,1,1
10803,1,1
11039,1,1
4095,1,1
3841,1,1
19001,1,1
10386,1,1
11681,1,1
20238,0,1
7766,1,1
7463,1,1
14676,0,1
23280,1,1
16961,1,1
5078,0,1
11561,1,1
26042,1,1
27399,0,1
13341,1,1
11191,1,1
16069,1,1
26951,1,1
13304,1,1
13647,1,1
19502,1,1
17541,1,1
1100,1,1
18859,1,1
19645,1,1
13896,1,1
11754,1,1
18475,1,1
14700,1,1
13261,1,1
766,1,1
10200,1,1
7177,1,1
1509,1,1
16822,1,1
22622,1,1
15437,1,1
11539,1,1
3705,1,1
2896,1,1
7745,1,1
16494,1,1
14681,0,1
25772,1,1
5766,1,1
18853,1,1
17923,1,1
3559,1,1
23368,1,1
15150,1,1
1334,1,1
18283,1,1
11398,1,1
12459,1,1
9758,1,1
5849,0,1
21083,1,1
19029,1,1
25341,0,1
28094,0,1
12868,1,1
12653,1,1
22776,1,1
6890,1,1
15725,1,1
5271,1,1
2248,1,1
23092,1,1
17343,1,1
12802,0,1
12193,1,1
19682,1,1
25530,1,1
26609,1,1
17374,1,1
26752,1,1
6982,1,1
17656,1,1
2207,1,1
25635,1,1
11722,1,1
10919,1,1
2893,1,1
4279,1,1
509,1,1
14512,1,1
22914,1,1
767,1,1
28223,1,1
11122,1,1
2723,1,1
12352,1,1
19935,1,1
8136,1,1
11508,1,1
20719,1,1
6079,1,1
9088,1,1
25425,0,1
17983,1,1
22939,1,1
27013,1,1
24356,1,1
12634,1,1
14744,1,1
811,1,1
27113,1,1
1423,1,1
5892,1,1
15683,1,1
22920,1,1
6894,0,1
23443,1,1
25532,1,1
3551,1,1
23165,1,1
23947,1,1
9889,1,1
6028,1,1
19625,0,1
3256,1,1
15192,1,1
18153,1,1
26864,1,1
22691,1,1
11576,1,1
14891,1,1
2518,1,1
6019,1,1
18193,1,1
17920,1,1
91,0,1
7588,1,1
5422,1,1
1294,1,1
330,1,1
19164,1,1
5944,1,1
11015,1,1
18291,1,1
21702,1,1
19938,1,1
18910,1,1
3015,1,1
23488,1,1
14702,1,1
21723,1,1
8245,1,1
21499,0,1
9631,1,1
16138,0,1
6291,1,1
9780,1,1
27441,1,1
8333,1,1
22795,1,1
26002,1,1
8286,1,1
13683,1,1
17066,0,1
7057,1,1
13069,1,1
4606,1,1
11657,1,1
16472,1,1
13988,1,1
26097,0,1
3094,1,1
9431,1,1
22515,1,1
12912,1,1
10696,1,1
26374,1,1
20250,1,1
20615,1,1
4062,1,1
17236,1,1
9990,1,1
9264,0,1
9830,1,1
386,1,1
2797,1,1
785,1,1
11982,1,1
23981,1,1
24854,1,1
7469,1,1
2423,1,1
1921,1,1
14096,1,1
20193,1,1
6397,1,1
5599,1,1
19303,1,1
25056,0,1
22309,1,1
8522,0,1
19358,1,1
4342,1,1
25625,1,1
13709,0,1
22093,1,1
14350,1,1
22344,1,1
25197,1,1
3619,1,1
20400,1,1
24264,1,1
19848,1,1
27477,1,1
6909,0,1
13800,1,1
3507,1,1
16416,1,1
12767,1,1
24653,1,1
26907,1,1
25582,1,1
24723,1,1
10075,1,1
17929,1,1
20296,1,1
9892,0,1
5689,1,1
27067,1,1
25490,0,1
5132,1,1
1420,1,1
21997,1,1
23781,1,1
21930,1,1
21196,1,1
18637,1,1
23225,1,1
4432,1,1
16154,1,1
2381,1,1
22086,1,1
7258,1,1
11916,1,1
10721,1,1
760,1,1
8944,1,1
26133,1,1
5117,0,1
21864,1,1
22306,1,1
24381,0,1
15325,1,1
11430,0,1
6312,1,1
21331,1,1
1115,1,1
16509,1,1
24682,1,1
27375,1,1
4002,0,1
1810,1,1
1085,0,1
6905,0,1
19708,1,1
189,0,1
1888,1,1
5551,1,1
18338,1,1
6722,1,1
804,1,1
25011,1,1
6263,0,1
27648,1,1
28091,1,1
22123,0,1
8444,1,1
9240,0,1
4162,1,1
10944,1,1
2489,1,1
3702,1,1
8806,1,1
6581,1,1
6961,1,1
12806,1,1
9611,1,1
11455,1,1
18431,1,1
15356,1,1
25850,1,1
6255,1,1
19990,1,1
3376,1,1
19886,1,1
16094,1,1
11236,1,1
11264,1,1
2264,1,1
296,1,1
7137,1,1
12578,1,1
6685,1,1
11367,1,1
21526,1,1
19299,1,1
25572,0,1
11932,1,1
4714,1,1
3199,1,1
15054,1,1
5650,1,1
2441,1,1
6662,1,1
8781,1,1
13242,1,1
12870,1,1
21297,1,1
5468,1,1
20946,1,1
21536,1,1
16875,1,1
9806,1,1
19614,1,1
12865,1,1
6701,1,1
499,1,1
6694,1,1
17337,1,1
2864,1,1
4723,1,1
10730,1,1
24795,1,1
27574,1,1
12691,1,1
3983,1,1
16374,1,1
17435,1,1
17244,1,1
4927,1,1
27864,1,1
9599,1,1
16096,1,1
25632,1,1
25138,1,1
5792,1,1
5259,0,1
22325,1,1
17474,1,1
21769,1,1
19953,1,1
24083,1,1
700,1,1
8361,1,1
20903,1,1
13987,1,1
9495,1,1
7761,1,1
10250,1,1
17327,1,1
4153,1,1
17907,1,1
351,1,1
2551,1,1
18417,0,1
10133,1,1
7849,1,1
19006,1,1
11935,0,1
10450,1,1
21051,1,1
17714,0,1
27292,1,1
5545,1,1
18672,1,1
14635,1,1
15262,1,1
1385,1,1
4713,1,1
7292,1,1
5088,1,1
7152,1,1
24482,1,1
16764,0,1
7335,1,1
27476,1,1
1243,1,1
18564,1,1
12245,1,1
3604,1,1
15846,1,1
25820,0,1
23108,1,1
6360,1,1
19774,1,1
11731,1,1
18074,1,1
11213,1,1
21062,1,1
8349,1,1
13516,1,1
25375,1,1
23471,1,1
6230,1,1
25028,1,1
3668,1,1
4739,1,1
23584,1,1
24985,1,1
27780,1,1
1903,1,1
6082,1,1
12303,1,1
21763,1,1
27871,1,1
16585,1,1
24085,1,1
25326,1,1
19452,1,1
24446,0,1
21942,1,1
15631,1,1
19165,1,1
22623,1,1
25443,0,1
26653,1,1
27486,1,1
18961,1,1
5487,1,1
15987,1,1
2628,1,1
9004,1,1
1857,1,1
4468,1,1
11194,1,1
7014,1,1
20487,1,1
696,1,1
21335,1,1
14427,1,1
5625,1,1
27320,1,1
17107,1,1
22650,1,1
17412,1,1
20172,1,1
10181,1,1
23659,1,1
20318,0,1
11407,1,1
16289,1,1
25013,0,1
16979,1,1
20459,1,1
21034,1,1
8927,1,1
14515,1,1
19815,0,1
7552,1,1
6679,0,1
5444,1,1
17077,0,1
8834,1,1
10815,1,1
12980,1,1
3349,1,1
13064,0,1
19416,1,1
24923,1,1
1864,1,1
23009,0,1
26547,1,1
7451,1,1
17450,1,1
4115,1,1
4519,1,1
25339,1,1
7642,1,1
13138,1,1
6839,1,1
17375,1,1
21235,1,1
16358,1,1
23081,1,1
5661,1,1
26488,1,1
5043,1,1
2867,1,1
7094,1,1
5121,1,1
23522,1,1
21054,1,1
5460,1,1
43,1,1
15481,0,1
13522,0,1
15296,1,1
11305,1,1
8006,1,1
23806,0,1
24276,0,1
5143,1,1
24077,1,1
12451,1,1
3754,1,1
21629,0,1
10464,1,1
20508,1,1
17857,1,1
25517,1,1
9508,1,1
19,1,1
18933,1,1
14015,1,1
10597,0,1
1261,1,1
27282,1,1
7719,1,1
6523,0,1
8632,1,1
4084,1,1
14163,1,1
25833,1,1
2148,1,1
21996,1,1
27941,1,1
303,1,1
19992,1,1
4680,1,1
11244,1,1
2744,1,1
3723,1,1
28140,1,1
10844,1,1
5618,1,1
17475,1,1
3945,0,1
4736,1,1
14645,1,1
7839,1,1
27222,1,1
23697,1,1
5313,1,1
13336,1,1
27357,1,1
14629,1,1
19694,1,1
7653,1,1
22693,1,1
12502,1,1
1513,1,1
27818,1,1
10343,1,1
20638,1,1
25725,1,1
21194,1,1
17478,1,1
26221,1,1
14220,0,1
23935,1,1
26784,1,1
17301,1,1
23657,1,1
9042,1,1
24414,1,1
10524,0,1
14200,1,1
10425,1,1
3670,1,1
1830,1,1
24736,1,1
18597,1,1
25665,0,1
823,1,1
20241,1,1
21209,1,1
27531,1,1
5472,1,1
25674,1,1
23331,0,1
25095,1,1
21579,0,1
5488,1,1
20624,1,1
7078,1,1
27337,1,1
26671,1,1
22003,1,1
6634,1,1
20785,1,1
2235,1,1
4314,1,1
1421,1,1
6771,1,1
12750,1,1
9059,1,1
22973,1,1
17281,1,1
22710,1,1
5450,1,1
13651,1,1
4255,1,1
12299,1,1
4313,1,1
17150,0,1
22131,1,1
5731,1,1
11428,1,1
24043,0,1
8051,0,1
27875,1,1
17172,1,1
28194,1,1
258,1,1
83,1,1
2431,1,1
24772,1,1
2244,0,1
16928,1,1
20417,1,1
12844,1,1
5634,1,1
22504,1,1
23336,1,1
2644,1,1
17446,1,1
3514,1,1
12431,1,1
13703,0,1
8194,1,1
3885,1,1
3485,0,1
890,1,1
26673,1,1
25744,1,1
4258,1,1
21276,1,1
8192,1,1
3990,1,1
22264,1,1
1943,1,1
22538,1,1
16103,1,1
5482,1,1
7572,1,1
19207,1,1
22314,0,1
19974,0,1
7354,1,1
10074,1,1
19088,1,1
20063,1,1
4771,1,1
16083,0,1
5841,1,1
3466,1,1
4564,1,1
13732,1,1
14889,1,1
22502,0,1
9399,1,1
11853,1,1
13406,0,1
13348,1,1
17336,1,1
11058,1,1
22988,1,1
3573,1,1
20987,1,1
14870,1,1
27688,1,1
5059,0,1
6366,1,1
16131,1,1
15677,1,1
624,0,1
8808,0,1
10446,1,1
474,1,1
5312,1,1
25,1,1
16793,0,1
7065,1,1
22486,1,1
23725,1,1
22466,1,1
17366,1,1
23442,0,1
16723,1,1
3260,1,1
4920,1,1
25514,1,1
6500,0,1
23571,1,1
28096,1,1
7273,1,1
11299,1,1
13835,0,1
23738,0,1
5552,1,1
22107,1,1
6130,1,1
16603,1,1
27347,1,1
26436,1,1
23680,1,1
13009,1,1
14290,1,1
21998,1,1
25345,0,1
841,1,1
11800,1,1
17697,1,1
3339,1,1
24733,1,1
22414,1,1
11826,1,1
3105,1,1
16278,1,1
5720,1,1
23966,1,1
18411,0,1
21031,1,1
22703,1,1
27451,1,1
3756,1,1
15260,1,1
5209,1,1
22357,0,1
10330,1,1
4185,1,1
2698,0,1
16704,1,1
14729,1,1
18991,1,1
23319,1,1
27468,1,1
13947,1,1
26227,1,1
13082,1,1
27144,1,1
12468,1,1
5688,1,1
11167,1,1
27400,1,1
1574,1,1
20744,0,1
19030,1,1
18395,1,1
986,1,1
23567,1,1
26803,1,1
3887,1,1
27679,1,1
27332,1,1
23031,1,1
11230,1,1
2857,1,1
13656,1,1
4289,1,1
3478,0,1
14583,1,1
18736,1,1
24233,1,1
18038,1,1
3495,1,1
26501,1,1
23437,0,1
23043,1,1
4302,1,1
8337,1,1
21184,1,1
11373,1,1
4024,1,1
3575,0,1
25022,1,1
9533,1,1
19312,1,1
4605,0,1
18574,1,1
10562,1,1
5300,1,1
12225,1,1
23182,1,1
20762,1,1
20673,1,1
20061,1,1
5436,1,1
3372,1,1
17041,1,1
8779,1,1
1658,1,1
19306,1,1
26931,1,1
14788,0,1
19182,0,1
21776,1,1
20393,1,1
11830,1,1
11394,1,1
18443,0,1
13111,1,1
12886,1,1
12900,1,1
9298,1,1
23630,1,1
12282,1,1
1418,1,1
13815,1,1
27544,1,1
19479,1,1
24926,1,1
20538,1,1
22141,1,1
22824,1,1
720,1,1
6659,1,1
10745,0,1
13357,1,1
24418,1,1
10611,1,1
9946,1,1
2922,1,1
8540,0,1
1446,1,1
20008,1,1
14742,0,1
18320,1,1
15280,1,1
7673,1,1
20049,1,1
8588,1,1
21042,1,1
1248,1,1
25976,1,1
68,1,1
11475,1,1
2838,1,1
25283,1,1
9898,1,1
20355,0,1
22478,1,1
8326,0,1
4696,1,1
6680,1,1
22766,1,1
4201,1,1
18327,1,1
24962,1,1
6051,1,1
16130,1,1
16449,1,1
24590,1,1
16333,1,1
11725,1,1
5114,1,1
13274,1,1
1260,1,1
13877,0,1
13963,1,1
8183,1,1
17106,1,1
23231,1,1
21330,1,1
23688,1,1
24551,1,1
16795,1,1
3510,1,1
16292,1,1
27103,1,1
23820,1,1
1881,1,1
26094,1,1
18957,1,1
26240,1,1
13455,1,1
8519,1,1
310,0,1
6468,1,1
3453,1,1
21379,1,1
20511,1,1
15586,1,1
19159,1,1
11525,1,1
2981,0,1
28003,1,1
7413,1,1
11270,1,1
26020,1,1
6693,1,1
26578,1,1
24573,1,1
25281,0,1
25672,1,1
4391,0,1
15669,1,1
19841,1,1
20223,1,1
21566,1,1
18293,0,1
6558,1,1
11768,1,1
12574,1,1
13520,1,1
15016,1,1
9978,1,1
18514,1,1
25776,1,1
14376,1,1
13664,1,1
27961,1,1
9199,0,1
24748,0,1
25261,1,1
22142,1,1
17109,1,1
9656,1,1
14159,1,1
5670,1,1
11040,1,1
17360,1,1
18315,1,1
19414,1,1
12281,1,1
7033,1,1
17048,1,1
11940,1,1
9446,1,1
12317,1,1
6678,1,1
11614,1,1
10269,1,1
2226,1,1
26940,1,1
5135,0,1
9911,1,1
21497,1,1
2899,1,1
6480,1,1
27258,1,1
7003,1,1
23377,1,1
8600,1,1
17029,0,1
18050,1,1
21502,1,1
5806,1,1
28242,1,1
6794,1,1
12199,1,1
27038,1,1
2778,1,1
17970,1,1
8382,1,1
26225,1,1
23449,1,1
714,1,1
24680,1,1
9305,1,1
3662,0,1
27201,1,1
5316,1,1
23729,1,1
4792,1,1
23750,1,1
18089,0,1
3892,1,1
10557,0,1
1451,0,1
15006,1,1
2086,1,1
25815,1,1
1487,0,1
23927,1,1
12882,1,1
6925,1,1
21821,1,1
22968,1,1
6599,1,1
3778,1,1
17740,1,1
7581,1,1
9238,1,1
9106,1,1
5369,1,1
18612,1,1
5168,1,1
20571,1,1
27717,1,1
7237,1,1
23011,1,1
23733,1,1
15904,1,1
20822,1,1
23391,1,1
18857,1,1
10216,1,1
2334,1,1
20825,1,1
26665,1,1
11852,1,1
12614,0,1
26835,1,1
16135,1,1
14358,0,1
26116,1,1
6133,1,1
17139,1,1
164,1,1
2928,1,1
11393,1,1
23670,1,1
13915,1,1
21425,0,1
9754,1,1
813,1,1
9995,1,1
815,1,1
5394,1,1
24620,1,1
18271,1,1
24427,1,1
14666,1,1
22471,1,1
10813,1,1
25577,1,1
11847,1,1
1843,1,1
6054,0,1
8198,1,1
25657,1,1
20780,1,1
9466,1,1
23192,1,1
19256,1,1
25078,1,1
19341,1,1
312,1,1
8764,1,1
14856,1,1
19203,1,1
12256,1,1
12399,1,1
22810,0,1
7323,1,1
6386,1,1
10085,1,1
25621,1,1
8576,1,1
2829,1,1
21615,1,1
22251,1,1
5058,0,1
26684,1,1
24633,1,1
8047,1,1
7330,1,1
4620,1,1
14964,0,1
1055,1,1
9428,1,1
13373,1,1
9025,1,1
15237,1,1
27382,0,1
9642,1,1
22568,1,1
24360,0,1
25535,0,1
1353,1,1
12135,1,1
21501,1,1
405,1,1
27808,1,1
18323,1,1
25016,1,1
7162,1,1
16760,1,1
2782,0,1
2934,1,1
22293,1,1
10537,1,1
21878,1,1
21891,1,1
12508,1,1
19733,0,1
1064,1,1
3864,0,1
15175,1,1
528,0,1
24481,1,1
23420,1,1
26698,1,1
1719,1,1
6209,1,1
17783,1,1
306,1,1
3775,0,1
26480,1,1
24619,1,1
18157,1,1
1389,1,1
27578,1,1
22029,1,1
26352,1,1
2006,1,1
16857,1,1
13529,1,1
12552,1,1
12343,1,1
27135,1,1
27268,1,1
6770,1,1
1656,1,1
27929,1,1
17363,0,1
27366,1,1
4158,1,1
5925,1,1
27277,1,1
4496,1,1
20183,1,1
10682,1,1
9481,1,1
15902,1,1
26545,1,1
27812,1,1
17271,0,1
12546,1,1
21434,1,1
904,0,1
16682,1,1
11254,1,1
14985,1,1
15415,1,1
23332,1,1
23209,1,1
17380,1,1
25982,0,1
7172,0,1
24601,1,1
13504,1,1
3726,1,1
13624,1,1
24285,1,1
18156,1,1
18653,1,1
11563,1,1
9393,1,1
25480,1,1
10614,1,1
10392,1,1
5016,1,1
19415,1,1
13360,1,1
12918,1,1
17813,1,1
23557,1,1
3965,1,1
26571,1,1
8571,1,1
7616,1,1
11345,1,1
20952,1,1
9180,1,1
20729,1,1
24860,1,1
22088,1,1
4332,1,1
10746,1,1
7193,1,1
1092,1,1
505,0,1
13540,1,1
19696,1,1
27592,1,1
21433,1,1
21041,1,1
6843,1,1
21968,0,1
9619,0,1
2292,1,1
3906,1,1
26491,1,1
14872,1,1
3505,1,1
3106,1,1
25245,1,1
6014,1,1
26508,1,1
20320,1,1
3403,1,1
24205,1,1
17240,1,1
2939,1,1
25537,1,1
7744,1,1
10118,1,1
20096,1,1
22991,1,1
7734,1,1
387,1,1
4715,1,1
15870,1,1
17094,1,1
15241,1,1
20937,1,1
12837,1,1
26336,1,1
15177,1,1
15665,1,1
3401,1,1
25307,1,1
331,1,1
7818,1,1
11764,1,1
11401,0,1
19913,0,1
7389,1,1
15473,1,1
8179,1,1
25812,1,1
1226,1,1
8732,1,1
13914,1,1
4380,1,1
25862,1,1
17606,1,1
21557,1,1
364,1,1
14531,1,1
19649,1,1
21388,1,1
19107,1,1
11024,1,1
5177,0,1
8188,1,1
25686,1,1
16611,1,1
25277,1,1
23525,1,1
17908,1,1
6334,0,1
9006,1,1
5246,1,1
20723,1,1
2811,1,1
22115,1,1
19330,1,1
11638,1,1
5604,1,1
20645,1,1
22946,1,1
14370,1,1
1736,1,1
9339,1,1
9766,1,1
20784,1,1
16077,1,1
14127,1,1
978,1,1
11788,1,1
25301,1,1
6427,1,1
27095,1,1
18034,1,1
20662,1,1
11139,1,1
18808,0,1
18727,1,1
26689,1,1
1203,1,1
25332,0,1
9653,1,1
12330,1,1
22645,1,1
11973,1,1
3579,0,1
22994,1,1
5364,1,1
2349,0,1
21700,1,1
13217,1,1
2783,1,1
374,1,1
23189,1,1
8981,1,1
10262,1,1
20124,1,1
7767,1,1
10603,1,1
19086,0,1
4501,1,1
11516,1,1
2873,1,1
22319,1,1
1732,1,1
9068,0,1
9096,1,1
16545,1,1
5834,1,1
9831,1,1
5438,1,1
22420,1,1
10193,1,1
2827,1,1
14672,1,1
11453,1,1
15662,1,1
14623,1,1
11203,1,1
21643,1,1
332,1,1
9002,1,1
22736,1,1
5781,1,1
18316,1,1
1330,1,1
3898,1,1
22759,1,1
14541,1,1
18066,1,1
27960,1,1
10034,1,1
21072,1,1
22423,0,1
19754,1,1
13725,1,1
17949,1,1
5151,1,1
18659,0,1
14213,1,1
26356,1,1
7441,0,1
10563,1,1
2464,1,1
20236,1,1
12705,1,1
313,1,1
13132,1,1
15897,0,1
24438,1,1
1442,1,1
17136,1,1
14795,1,1
10759,1,1
19339,1,1
27572,1,1
24158,1,1
18512,1,1
4766,1,1
28077,0,1
16193,1,1
